Date,Year_Month,SKU,Product_Name,Brand,Category,Months_From_Start,Months_Since_Launch,Lifecycle_Stage,Stores_Carrying,Total_Eligible_Stores,TDP_Percentage,Weighted_TDP,Weighted_TDP_Percentage,Northeast_TDP,Southeast_TDP,Midwest_TDP,West_TDP,Southwest_TDP,Grocery_TDP,Convenience_TDP,BigBox_TDP,Liquor_TDP,GasStation_TDP,Distribution_Velocity,Market_Penetration_Rate
2023-01-01,2023-01,BEER-1009,Miller Lite,Miller,Beer,0.00,0.00,Launch,203,1165,17.42,733.78,21.66,11.60,12.95,17.83,15.91,14.29,17.56,11.70,12.06,17.05,10.26,8.50,85.66
2023-01-01,2023-01,BEER-1038,Modelo Chelada,Modelo,Beer,0.00,0.00,Launch,195,1165,16.74,698.88,20.63,11.95,13.99,16.43,11.74,17.58,15.37,13.65,11.06,17.97,6.84,8.50,82.36
2023-02-01,2023-02,BEER-1009,Miller Lite,Miller,Beer,1.02,1.02,Launch,383,1165,32.88,1368.35,40.39,25.26,28.50,33.15,20.45,28.57,35.13,17.83,23.62,37.33,12.82,8.50,77.26
2023-02-01,2023-02,BEER-1032,Guinness Draught,Guinness,Beer,1.02,0.39,Launch,204,1165,17.51,757.18,22.35,13.31,15.28,17.55,13.26,8.79,17.96,11.70,13.57,17.05,6.84,8.50,89.25
2023-02-01,2023-02,BEER-1036,Modelo Especial,Modelo,Beer,1.02,0.59,Launch,177,1165,15.19,692.19,20.43,9.90,12.44,15.60,10.61,17.58,15.37,7.80,12.56,14.29,13.68,8.50,77.70
2023-02-01,2023-02,BEER-1038,Modelo Chelada,Modelo,Beer,1.02,1.02,Launch,390,1165,33.48,1419.94,41.91,27.65,28.24,32.59,20.83,30.77,33.53,22.56,21.11,36.87,16.24,8.50,77.76
2023-02-01,2023-02,BEER-1042,Dos Equis Lime & Salt,Dos Equis,Beer,1.02,0.66,Launch,221,1165,18.97,782.96,23.11,16.04,16.58,17.55,12.12,16.48,18.96,12.81,14.57,18.89,8.55,8.50,86.23
2023-02-01,2023-02,BEER-1048,New Belgium Fat Tire,New Belgium,Beer,1.02,0.79,Launch,200,1165,17.17,744.54,21.98,15.70,15.80,15.04,10.23,13.19,18.96,10.31,12.06,15.21,9.40,8.50,93.98
2023-02-01,2023-02,BEER-1057,Lagunitas Little Sumpin',Lagunitas,Beer,1.02,0.13,Launch,188,1165,16.14,693.32,20.46,12.63,16.06,13.65,9.85,15.38,16.57,10.03,7.54,19.82,9.40,8.50,83.17
2023-03-01,2023-03,BEER-1005,Coors Light,Coors,Beer,1.94,0.07,Launch,207,1165,17.77,744.92,21.99,15.02,18.13,16.16,8.33,14.29,18.36,11.42,10.55,20.74,6.84,8.50,88.86
2023-03-01,2023-03,BEER-1009,Miller Lite,Miller,Beer,1.94,1.94,Launch,403,1165,34.59,1439.76,42.50,23.55,29.27,34.82,24.62,34.07,33.93,23.12,18.09,42.86,17.95,8.50,82.21
2023-03-01,2023-03,BEER-1016,Heineken Original,Heineken,Beer,1.94,0.07,Launch,195,1165,16.74,661.42,19.52,13.65,14.51,13.37,14.02,15.38,14.77,13.37,13.57,17.51,6.84,8.50,93.49
2023-03-01,2023-03,BEER-1017,Heineken Light,Heineken,Beer,1.94,0.53,Launch,192,1165,16.48,687.86,20.30,13.31,13.21,15.32,14.39,9.89,17.96,10.31,8.04,18.43,7.69,8.50,78.13
2023-03-01,2023-03,BEER-1032,Guinness Draught,Guinness,Beer,1.94,1.31,Launch,397,1165,34.08,1338.55,39.51,27.30,30.83,31.75,20.83,31.87,35.33,23.40,20.10,34.10,18.80,8.50,90.84
2023-03-01,2023-03,BEER-1033,Guinness Extra Stout,Guinness,Beer,1.94,0.43,Launch,189,1165,16.22,689.80,20.36,12.97,12.69,17.83,9.85,13.19,18.56,8.08,9.05,18.89,6.84,8.50,83.43
2023-03-01,2023-03,BEER-1036,Modelo Especial,Modelo,Beer,1.94,1.51,Launch,378,1165,32.45,1347.74,39.78,24.91,25.91,31.20,26.52,25.27,30.54,23.96,20.10,37.33,15.38,8.50,86.55
2023-03-01,2023-03,BEER-1038,Modelo Chelada,Modelo,Beer,1.94,1.94,Launch,375,1165,32.19,1348.71,39.81,26.62,27.20,30.08,22.35,27.47,34.33,20.33,25.13,27.65,17.09,8.50,75.25
2023-03-01,2023-03,BEER-1039,Modelo Light,Modelo,Beer,1.94,0.20,Launch,194,1165,16.65,657.70,19.41,11.26,16.58,15.32,11.36,13.19,18.76,8.08,11.06,18.89,6.84,8.50,85.18
2023-03-01,2023-03,BEER-1042,Dos Equis Lime & Salt,Dos Equis,Beer,1.94,1.58,Launch,414,1165,35.54,1460.52,43.11,27.65,31.87,33.70,23.48,29.67,35.73,24.23,26.63,38.25,10.26,8.50,87.72
2023-03-01,2023-03,BEER-1048,New Belgium Fat Tire,New Belgium,Beer,1.94,1.71,Launch,397,1165,34.08,1370.04,40.44,25.60,30.57,30.36,26.52,27.47,36.73,20.61,21.61,36.41,14.53,8.50,91.59
2023-03-01,2023-03,BEER-1057,Lagunitas Little Sumpin',Lagunitas,Beer,1.94,1.05,Launch,438,1165,37.60,1556.08,45.93,31.06,28.24,38.16,27.27,31.87,37.52,24.51,24.12,41.47,20.51,8.50,85.98
2023-03-01,2023-03,BEER-1060,60 Minute IPA,Dogfish Head,Beer,1.94,0.62,Launch,180,1165,15.45,641.68,18.94,10.92,16.06,12.81,10.23,14.29,16.97,7.80,12.06,15.67,7.69,8.50,88.51
2023-03-01,2023-03,BEER-1068,Belgian White,Shock Top,Beer,1.94,0.46,Launch,202,1165,17.34,740.07,21.84,13.99,13.99,15.60,14.39,14.29,15.97,12.81,14.07,17.51,8.55,8.50,76.15
2023-03-01,2023-03,BEER-1069,Pure Gold,Michelob Ultra,Beer,1.94,0.82,Launch,199,1165,17.08,731.29,21.58,15.36,15.54,15.32,10.98,10.99,15.57,11.98,12.56,19.82,8.55,8.50,81.27
2023-04-01,2023-04,BEER-1005,Coors Light,Coors,Beer,2.96,1.08,Launch,370,1165,31.76,1329.21,39.23,24.91,25.39,30.92,25.00,24.18,28.34,22.01,21.11,40.55,16.24,8.50,89.26
2023-04-01,2023-04,BEER-1009,Miller Lite,Miller,Beer,2.96,2.96,Launch,394,1165,33.82,1472.54,43.46,25.60,29.02,34.26,23.48,24.18,33.33,21.17,26.13,37.33,15.38,8.50,93.21
2023-04-01,2023-04,BEER-1016,Heineken Original,Heineken,Beer,2.96,1.08,Launch,405,1165,34.76,1430.04,42.21,21.84,33.68,35.10,23.86,24.18,36.13,24.23,21.61,32.26,20.51,8.50,78.98
2023-04-01,2023-04,BEER-1017,Heineken Light,Heineken,Beer,2.96,1.54,Launch,397,1165,34.08,1399.06,41.29,27.30,31.61,30.92,21.59,29.67,35.53,20.89,17.59,39.17,20.51,8.50,79.63
2023-04-01,2023-04,BEER-1024,Blue Moon Belgian White,Blue Moon,Beer,2.96,0.36,Launch,194,1165,16.65,697.61,20.59,14.33,12.44,17.27,12.50,9.89,15.97,10.03,11.06,21.20,8.55,8.50,78.21
2023-04-01,2023-04,BEER-1032,Guinness Draught,Guinness,Beer,2.96,2.33,Launch,376,1165,32.27,1350.66,39.87,23.21,30.31,31.48,20.08,27.47,28.94,22.01,26.63,35.02,19.66,8.50,91.42
2023-04-01,2023-04,BEER-1033,Guinness Extra Stout,Guinness,Beer,2.96,1.45,Launch,396,1165,33.99,1356.29,40.03,23.21,32.38,31.48,24.62,27.47,32.53,22.01,25.13,39.63,15.38,8.50,83.19
2023-04-01,2023-04,BEER-1036,Modelo Especial,Modelo,Beer,2.96,2.53,Launch,384,1165,32.96,1364.15,40.26,26.28,29.79,31.20,22.73,21.98,34.73,22.28,20.60,29.95,20.51,8.50,83.36
2023-04-01,2023-04,BEER-1038,Modelo Chelada,Modelo,Beer,2.96,2.96,Launch,395,1165,33.91,1331.44,39.30,26.62,26.17,29.81,27.65,39.56,31.54,26.46,25.63,30.88,20.51,8.50,87.79
2023-04-01,2023-04,BEER-1039,Modelo Light,Modelo,Beer,2.96,1.22,Launch,377,1165,32.36,1310.97,38.69,26.62,25.65,31.20,22.35,31.87,34.33,18.94,20.60,34.56,17.95,8.50,85.16
2023-04-01,2023-04,BEER-1042,Dos Equis Lime & Salt,Dos Equis,Beer,2.96,2.60,Launch,391,1165,33.56,1457.37,43.02,25.60,30.57,33.43,22.73,19.78,32.53,19.22,24.62,38.71,22.22,8.50,87.50
2023-04-01,2023-04,BEER-1048,New Belgium Fat Tire,New Belgium,Beer,2.96,2.73,Launch,384,1165,32.96,1357.44,40.07,24.91,28.24,31.48,24.24,27.47,32.14,23.12,19.10,35.02,22.22,8.50,76.92
2023-04-01,2023-04,BEER-1052,Sierra Nevada Pale Ale,Sierra Nevada,Beer,2.96,0.03,Launch,181,1165,15.54,659.35,19.46,12.97,13.73,13.37,13.26,7.69,13.97,12.26,10.05,18.43,5.98,8.50,89.91
2023-04-01,2023-04,BEER-1057,Lagunitas Little Sumpin',Lagunitas,Beer,2.96,2.07,Launch,379,1165,32.53,1358.75,40.10,29.01,25.91,32.87,21.21,21.98,30.94,19.22,23.12,41.94,15.38,8.50,90.82
2023-04-01,2023-04,BEER-1060,60 Minute IPA,Dogfish Head,Beer,2.96,1.64,Launch,378,1165,32.45,1335.02,39.40,21.16,27.72,31.75,25.76,29.67,31.54,22.01,22.61,34.10,18.80,8.50,87.58
2023-04-01,2023-04,BEER-1068,Belgian White,Shock Top,Beer,2.96,1.48,Launch,404,1165,34.68,1431.88,42.26,25.26,30.83,35.65,22.73,25.27,35.73,22.84,27.64,33.18,13.68,8.50,92.95
2023-04-01,2023-04,BEER-1069,Pure Gold,Michelob Ultra,Beer,2.96,1.84,Launch,362,1165,31.07,1218.54,35.97,28.67,26.42,28.41,20.83,20.88,29.94,21.17,25.13,30.88,16.24,8.50,94.89
2023-04-01,2023-04,BEER-1071,Original,Tecate,Beer,2.96,0.30,Launch,213,1165,18.28,730.28,21.55,16.38,16.84,16.99,10.23,13.19,16.17,14.21,12.06,20.74,10.26,8.50,85.06
2023-05-01,2023-05,BEER-1005,Coors Light,Coors,Beer,3.94,2.07,Launch,386,1165,33.13,1372.16,40.50,25.26,29.02,31.48,20.83,35.16,33.93,19.22,25.13,35.48,17.09,8.50,85.89
2023-05-01,2023-05,BEER-1009,Miller Lite,Miller,Beer,3.94,3.94,Growth,818,1165,70.21,2765.68,81.63,57.68,59.59,66.57,43.56,71.43,69.66,45.13,49.75,74.65,39.32,8.50,84.45
2023-05-01,2023-05,BEER-1014,Corona Premier,Corona,Beer,3.94,0.13,Launch,197,1165,16.91,707.89,20.89,17.41,13.21,17.27,8.71,10.99,16.77,11.42,13.07,14.75,11.97,8.50,77.73
2023-05-01,2023-05,BEER-1016,Heineken Original,Heineken,Beer,3.94,2.07,Launch,390,1165,33.48,1347.08,39.76,26.62,27.98,33.43,20.08,34.07,34.33,19.78,22.11,40.09,13.68,8.50,79.84
2023-05-01,2023-05,BEER-1017,Heineken Light,Heineken,Beer,3.94,2.53,Launch,383,1165,32.88,1337.24,39.47,24.91,28.24,32.03,22.35,29.67,30.34,21.45,22.11,39.17,21.37,8.50,86.33
2023-05-01,2023-05,BEER-1024,Blue Moon Belgian White,Blue Moon,Beer,3.94,1.35,Launch,395,1165,33.91,1409.84,41.61,26.62,26.17,33.98,24.62,31.87,32.14,24.79,24.62,36.87,13.68,8.50,88.01
2023-05-01,2023-05,BEER-1032,Guinness Draught,Guinness,Beer,3.94,3.32,Growth,852,1165,73.13,2894.13,85.42,56.31,62.18,67.97,53.41,68.13,72.26,50.70,45.73,76.50,43.59,8.50,78.84
2023-05-01,2023-05,BEER-1033,Guinness Extra Stout,Guinness,Beer,3.94,2.43,Launch,415,1165,35.62,1500.66,44.29,27.30,29.79,34.26,25.00,34.07,35.33,21.73,27.14,39.63,17.09,8.50,90.22
2023-05-01,2023-05,BEER-1036,Modelo Especial,Modelo,Beer,3.94,3.52,Growth,847,1165,72.70,2829.67,83.52,57.00,62.69,68.80,50.00,64.84,74.25,46.80,48.24,74.19,42.74,8.50,93.08
2023-05-01,2023-05,BEER-1038,Modelo Chelada,Modelo,Beer,3.94,3.94,Growth,823,1165,70.64,2836.16,83.71,57.00,60.88,67.97,48.48,53.85,69.06,44.57,54.77,73.27,41.88,8.50,79.93
2023-05-01,2023-05,BEER-1039,Modelo Light,Modelo,Beer,3.94,2.20,Launch,444,1165,38.11,1572.30,46.41,32.76,32.90,33.70,23.86,40.66,38.92,23.40,29.15,38.25,20.51,8.50,79.23
2023-05-01,2023-05,BEER-1042,Dos Equis Lime & Salt,Dos Equis,Beer,3.94,3.58,Growth,836,1165,71.76,2819.04,83.21,60.07,60.36,66.85,46.59,70.33,69.66,45.96,52.76,76.50,43.59,8.50,92.50
2023-05-01,2023-05,BEER-1048,New Belgium Fat Tire,New Belgium,Beer,3.94,3.71,Growth,839,1165,72.02,2856.02,84.30,58.70,61.14,67.69,50.38,60.44,71.66,46.80,49.75,76.04,41.03,8.50,93.10
2023-05-01,2023-05,BEER-1052,Sierra Nevada Pale Ale,Sierra Nevada,Beer,3.94,1.02,Launch,399,1165,34.25,1459.27,43.07,24.91,30.31,34.82,21.59,29.67,33.93,20.61,21.61,41.94,17.95,8.50,82.36
2023-05-01,2023-05,BEER-1057,Lagunitas Little Sumpin',Lagunitas,Beer,3.94,3.06,Growth,852,1165,73.13,2868.96,84.68,55.29,62.95,69.92,53.03,61.54,73.45,45.40,53.77,76.50,41.03,8.50,77.72
2023-05-01,2023-05,BEER-1060,60 Minute IPA,Dogfish Head,Beer,3.94,2.63,Launch,376,1165,32.27,1340.28,39.56,26.96,29.27,27.86,23.11,25.27,30.74,19.78,21.11,39.63,19.66,8.50,85.82
2023-05-01,2023-05,BEER-1068,Belgian White,Shock Top,Beer,3.94,2.46,Launch,404,1165,34.68,1508.75,44.53,28.33,31.35,33.70,21.97,23.08,35.73,20.89,20.60,40.09,18.80,8.50,76.46
2023-05-01,2023-05,BEER-1069,Pure Gold,Michelob Ultra,Beer,3.94,2.83,Launch,391,1165,33.56,1392.27,41.09,26.28,29.79,31.75,20.45,34.07,34.13,23.12,23.62,34.56,12.82,8.50,89.19
2023-05-01,2023-05,BEER-1071,Original,Tecate,Beer,3.94,1.28,Launch,374,1165,32.10,1347.87,39.78,23.89,25.13,32.31,24.62,28.57,32.73,20.61,23.12,33.18,15.38,8.50,84.54
2023-06-01,2023-06,BEER-1001,Budweiser Light,Budweiser,Beer,4.96,0.36,Launch,181,1165,15.54,649.32,19.16,13.65,12.95,13.37,11.74,13.19,16.17,9.75,11.56,16.13,5.98,8.50,93.68
2023-06-01,2023-06,BEER-1004,Coors Original,Coors,Beer,4.96,0.85,Launch,207,1165,17.77,726.63,21.45,12.97,15.28,15.60,14.77,16.48,19.96,11.14,10.55,17.05,7.69,8.50,82.95
2023-06-01,2023-06,BEER-1005,Coors Light,Coors,Beer,4.96,3.09,Growth,842,1165,72.27,2832.48,83.60,58.02,61.66,67.97,47.73,70.33,73.45,46.24,50.25,77.88,33.33,8.50,83.77
2023-06-01,2023-06,BEER-1006,Coors Banquet,Coors,Beer,4.96,0.13,Launch,221,1165,18.97,787.59,23.25,18.09,14.51,18.66,10.98,17.58,17.76,12.81,17.09,17.97,11.11,8.50,90.54
2023-06-01,2023-06,BEER-1009,Miller Lite,Miller,Beer,4.96,4.96,Growth,825,1165,70.82,2803.28,82.74,55.29,62.18,66.57,48.86,60.44,70.66,47.35,47.24,74.65,38.46,8.50,88.18
2023-06-01,2023-06,BEER-1014,Corona Premier,Corona,Beer,4.96,1.15,Launch,386,1165,33.13,1372.89,40.52,25.26,29.27,33.15,22.73,21.98,32.93,20.06,26.13,34.56,18.80,8.50,86.76
2023-06-01,2023-06,BEER-1015,Corona Familiar,Corona,Beer,4.96,0.59,Launch,208,1165,17.85,796.09,23.50,14.68,16.32,15.88,10.98,17.58,20.16,8.64,16.58,17.05,5.13,8.50,84.21
2023-06-01,2023-06,BEER-1016,Heineken Original,Heineken,Beer,4.96,3.09,Growth,834,1165,71.59,2823.42,83.34,59.39,59.59,66.30,52.27,59.34,70.46,47.91,50.25,73.73,41.88,8.50,89.32
2023-06-01,2023-06,BEER-1017,Heineken Light,Heineken,Beer,4.96,3.55,Growth,855,1165,73.39,2867.22,84.63,59.04,64.51,68.80,48.11,64.84,72.26,49.30,48.74,78.34,41.88,8.50,85.06
2023-06-01,2023-06,BEER-1023,Stella Artois Unfiltered,Stella Artois,Beer,4.96,0.10,Launch,187,1165,16.05,723.43,21.35,11.26,12.95,18.94,7.95,16.48,15.97,10.58,11.56,17.51,6.84,8.50,81.69
2023-06-01,2023-06,BEER-1024,Blue Moon Belgian White,Blue Moon,Beer,4.96,2.37,Launch,400,1165,34.33,1498.39,44.23,28.67,32.64,31.20,20.45,26.37,34.33,20.61,26.63,36.87,17.95,8.50,75.06
2023-06-01,2023-06,BEER-1031,Sam Adams IPA,Sam Adams,Beer,4.96,0.16,Launch,177,1165,15.19,582.44,17.19,12.29,11.92,16.99,8.33,13.19,16.17,9.47,10.55,15.21,6.84,8.50,78.80
2023-06-01,2023-06,BEER-1032,Guinness Draught,Guinness,Beer,4.96,4.34,Growth,856,1165,73.48,2824.63,83.37,57.00,64.77,68.25,51.14,64.84,73.45,45.96,53.77,76.04,43.59,8.50,89.78
2023-06-01,2023-06,BEER-1033,Guinness Extra Stout,Guinness,Beer,4.96,3.45,Growth,846,1165,72.62,2845.18,83.98,58.70,62.95,65.74,54.55,56.04,72.26,47.08,48.24,79.72,39.32,8.50,80.04
2023-06-01,2023-06,BEER-1036,Modelo Especial,Modelo,Beer,4.96,4.53,Growth,836,1165,71.76,2813.04,83.03,63.14,60.10,68.52,45.45,58.24,69.26,48.19,50.25,78.34,39.32,8.50,90.02
2023-06-01,2023-06,BEER-1037,Modelo Negra,Modelo,Beer,4.96,0.30,Launch,192,1165,16.48,704.87,20.80,12.63,14.25,16.16,11.74,12.09,16.57,9.47,13.07,15.21,13.68,8.50,94.23
2023-06-01,2023-06,BEER-1038,Modelo Chelada,Modelo,Beer,4.96,4.96,Growth,848,1165,72.79,2881.14,85.04,59.04,64.25,68.80,46.97,61.54,74.65,46.24,50.25,77.42,34.19,8.50,87.57
2023-06-01,2023-06,BEER-1039,Modelo Light,Modelo,Beer,4.96,3.22,Growth,829,1165,71.16,2824.42,83.36,55.29,61.14,68.52,50.00,58.24,71.66,45.68,51.76,71.89,40.17,8.50,76.40
2023-06-01,2023-06,BEER-1041,Dos Equis Amber,Dos Equis,Beer,4.96,0.26,Launch,210,1165,18.03,753.39,22.24,13.99,12.44,20.89,13.64,10.99,17.96,10.86,13.57,21.66,5.98,8.50,75.88
2023-06-01,2023-06,BEER-1042,Dos Equis Lime & Salt,Dos Equis,Beer,4.96,4.60,Growth,817,1165,70.13,2776.31,81.94,57.68,63.47,63.51,45.08,61.54,68.66,45.96,47.74,76.96,39.32,8.50,80.38
2023-06-01,2023-06,BEER-1048,New Belgium Fat Tire,New Belgium,Beer,4.96,4.73,Growth,850,1165,72.96,2851.66,84.17,57.34,61.66,69.92,51.52,62.64,74.25,47.08,47.74,75.58,42.74,8.50,86.16
2023-06-01,2023-06,BEER-1049,New Belgium Voodoo Ranger IPA,New Belgium,Beer,4.96,0.99,Launch,189,1165,16.22,645.05,19.04,12.97,10.88,16.99,14.39,10.99,17.17,10.03,10.55,17.51,6.84,8.50,80.78
2023-06-01,2023-06,BEER-1052,Sierra Nevada Pale Ale,Sierra Nevada,Beer,4.96,2.04,Launch,400,1165,34.33,1403.02,41.41,25.94,32.64,32.31,23.11,23.08,34.53,20.89,25.13,38.71,15.38,8.50,79.36
2023-06-01,2023-06,BEER-1053,Sierra Nevada Torpedo IPA,Sierra Nevada,Beer,4.96,0.53,Launch,183,1165,15.71,678.15,20.02,12.29,12.18,17.55,11.74,6.59,16.77,9.75,10.55,16.13,6.84,8.50,81.78
2023-06-01,2023-06,BEER-1057,Lagunitas Little Sumpin',Lagunitas,Beer,4.96,4.07,Growth,840,1165,72.10,2851.12,84.15,57.00,62.18,67.69,51.14,60.44,71.26,49.86,48.74,76.96,34.19,8.50,90.52
2023-06-01,2023-06,BEER-1060,60 Minute IPA,Dogfish Head,Beer,4.96,3.65,Growth,843,1165,72.36,2854.61,84.26,59.73,62.44,67.13,50.38,58.24,71.66,44.57,51.76,77.42,45.30,8.50,76.03
2023-06-01,2023-06,BEER-1063,Two Hearted IPA,Bell's,Beer,4.96,0.23,Launch,195,1165,16.74,630.28,18.60,13.65,13.99,17.83,10.61,9.89,13.97,14.76,8.54,20.28,9.40,8.50,82.43
2023-06-01,2023-06,BEER-1068,Belgian White,Shock Top,Beer,4.96,3.48,Growth,849,1165,72.88,2842.20,83.89,57.00,64.51,68.52,50.00,60.44,71.26,50.97,51.26,72.35,42.74,8.50,78.70
2023-06-01,2023-06,BEER-1069,Pure Gold,Michelob Ultra,Beer,4.96,3.84,Growth,839,1165,72.02,2835.51,83.69,56.31,61.66,68.80,51.52,58.24,71.46,46.80,51.26,74.65,41.88,8.50,84.62
2023-06-01,2023-06,BEER-1071,Original,Tecate,Beer,4.96,2.30,Launch,389,1165,33.39,1416.17,41.80,20.14,30.05,35.10,22.73,30.77,34.93,18.11,26.63,34.56,17.95,8.50,85.76
2023-07-01,2023-07,BEER-1000,Budweiser Original,Budweiser,Beer,5.95,0.30,Launch,204,1165,17.51,682.19,20.14,10.58,13.99,20.06,15.15,7.69,18.96,10.03,11.56,18.43,8.55,8.50,86.03
2023-07-01,2023-07,BEER-1001,Budweiser Light,Budweiser,Beer,5.95,1.35,Launch,394,1165,33.82,1398.13,41.27,26.28,28.50,30.36,25.38,34.07,33.33,21.17,21.61,35.94,25.64,8.50,86.62
2023-07-01,2023-07,BEER-1004,Coors Original,Coors,Beer,5.95,1.84,Launch,409,1165,35.11,1418.13,41.86,28.67,31.09,33.43,21.21,31.87,36.73,20.61,24.12,40.09,13.68,8.50,77.54
2023-07-01,2023-07,BEER-1005,Coors Light,Coors,Beer,5.95,4.07,Growth,841,1165,72.19,2845.33,83.98,53.92,62.95,66.02,54.92,63.74,72.46,43.73,55.78,73.73,42.74,8.50,80.89
2023-07-01,2023-07,BEER-1006,Coors Banquet,Coors,Beer,5.95,1.12,Launch,386,1165,33.13,1405.28,41.48,26.28,28.50,31.75,22.35,28.57,33.93,20.06,23.12,34.10,20.51,8.50,75.51
2023-07-01,2023-07,BEER-1009,Miller Lite,Miller,Beer,5.95,5.95,Growth,838,1165,71.93,2853.41,84.22,57.68,61.40,67.41,50.76,61.54,70.26,47.08,52.76,76.96,38.46,8.50,81.06
2023-07-01,2023-07,BEER-1014,Corona Premier,Corona,Beer,5.95,2.14,Launch,388,1165,33.30,1370.37,40.45,29.69,29.79,31.75,18.94,24.18,32.14,23.68,24.12,33.64,17.95,8.50,84.91
2023-07-01,2023-07,BEER-1015,Corona Familiar,Corona,Beer,5.95,1.58,Launch,418,1165,35.88,1450.42,42.81,28.67,30.05,35.10,23.48,32.97,35.93,22.28,24.12,39.17,21.37,8.50,88.20
2023-07-01,2023-07,BEER-1016,Heineken Original,Heineken,Beer,5.95,4.07,Growth,843,1165,72.36,2839.83,83.82,55.97,61.92,70.47,46.97,69.23,75.45,45.13,51.76,71.89,37.61,8.50,90.02
2023-07-01,2023-07,BEER-1017,Heineken Light,Heineken,Beer,5.95,4.53,Growth,816,1165,70.04,2807.36,82.86,58.36,59.84,64.62,46.97,63.74,69.26,43.73,54.27,71.89,41.03,8.50,78.51
2023-07-01,2023-07,BEER-1018,Heineken 0.0,Heineken,Beer,5.95,0.30,Launch,189,1165,16.22,724.27,21.38,16.38,12.44,14.76,10.23,14.29,17.37,8.91,14.07,15.21,7.69,8.50,90.45
2023-07-01,2023-07,BEER-1019,Heineken Silver,Heineken,Beer,5.95,0.72,Launch,180,1165,15.45,579.57,17.11,10.58,13.73,14.21,12.12,14.29,16.97,9.47,10.55,14.29,7.69,8.50,89.39
2023-07-01,2023-07,BEER-1020,Stella Artois Original,Stella Artois,Beer,5.95,0.30,Launch,193,1165,16.57,698.22,20.61,11.26,16.06,13.65,13.64,14.29,13.97,12.53,8.54,23.04,9.40,8.50,86.89
2023-07-01,2023-07,BEER-1023,Stella Artois Unfiltered,Stella Artois,Beer,5.95,1.08,Launch,398,1165,34.16,1475.40,43.55,25.94,27.98,33.15,24.24,34.07,32.73,19.78,25.63,40.09,21.37,8.50,84.33
2023-07-01,2023-07,BEER-1024,Blue Moon Belgian White,Blue Moon,Beer,5.95,3.35,Growth,841,1165,72.19,2830.72,83.55,57.00,65.03,65.46,48.11,67.03,73.05,46.52,53.27,72.35,38.46,8.50,82.87
2023-07-01,2023-07,BEER-1029,Sam Adams Light,Sam Adams,Beer,5.95,0.59,Launch,195,1165,16.74,658.13,19.42,10.58,16.32,14.48,14.39,12.09,16.17,12.26,13.07,16.59,6.84,8.50,78.82
2023-07-01,2023-07,BEER-1031,Sam Adams IPA,Sam Adams,Beer,5.95,1.15,Launch,394,1165,33.82,1367.61,40.37,26.62,27.72,32.03,25.38,29.67,33.73,21.17,21.11,35.48,25.64,8.50,93.49
2023-07-01,2023-07,BEER-1032,Guinness Draught,Guinness,Beer,5.95,5.32,Growth,861,1165,73.91,2869.57,84.70,58.36,62.69,68.52,53.41,67.03,74.25,50.70,45.73,75.58,44.44,8.50,84.28
2023-07-01,2023-07,BEER-1033,Guinness Extra Stout,Guinness,Beer,5.95,4.43,Growth,836,1165,71.76,2847.94,84.06,53.24,62.69,67.13,52.27,64.84,71.86,44.85,53.27,76.04,37.61,8.50,77.18
2023-07-01,2023-07,BEER-1036,Modelo Especial,Modelo,Beer,5.95,5.52,Growth,843,1165,72.36,2863.40,84.52,57.34,62.44,68.52,49.62,62.64,72.65,45.96,48.24,77.88,41.88,8.50,89.98
2023-07-01,2023-07,BEER-1037,Modelo Negra,Modelo,Beer,5.95,1.28,Launch,415,1165,35.62,1472.10,43.45,27.30,35.75,33.43,22.35,19.78,35.73,21.17,25.13,40.09,19.66,8.50,79.80
2023-07-01,2023-07,BEER-1038,Modelo Chelada,Modelo,Beer,5.95,5.95,Growth,806,1165,69.18,2818.70,83.20,53.58,57.25,67.41,48.48,63.74,69.46,41.50,51.26,73.73,40.17,8.50,92.69
2023-07-01,2023-07,BEER-1039,Modelo Light,Modelo,Beer,5.95,4.20,Growth,853,1165,73.22,2866.54,84.61,57.34,63.73,68.52,49.62,68.13,73.05,46.24,54.27,77.42,38.46,8.50,82.28
2023-07-01,2023-07,BEER-1041,Dos Equis Amber,Dos Equis,Beer,5.95,1.25,Launch,411,1165,35.28,1471.80,43.44,25.26,32.38,34.54,25.00,24.18,36.93,19.78,24.62,38.71,18.80,8.50,87.98
2023-07-01,2023-07,BEER-1042,Dos Equis Lime & Salt,Dos Equis,Beer,5.95,5.58,Growth,841,1165,72.19,2849.54,84.11,58.36,60.88,69.36,49.24,61.54,73.45,45.68,48.24,74.65,43.59,8.50,76.51
2023-07-01,2023-07,BEER-1047,Yuengling Flight,Yuengling,Beer,5.95,0.85,Launch,185,1165,15.88,647.60,19.11,14.68,9.59,16.71,13.26,10.99,15.37,12.26,10.05,16.13,7.69,8.50,94.87
2023-07-01,2023-07,BEER-1048,New Belgium Fat Tire,New Belgium,Beer,5.95,5.72,Growth,845,1165,72.53,2879.72,85.00,57.68,63.99,69.64,48.48,56.04,69.86,46.80,54.27,74.65,48.72,8.50,88.64
2023-07-01,2023-07,BEER-1049,New Belgium Voodoo Ranger IPA,New Belgium,Beer,5.95,1.97,Launch,398,1165,34.16,1416.90,41.82,25.94,30.57,30.92,25.00,29.67,32.14,21.17,21.11,44.70,18.80,8.50,77.01
2023-07-01,2023-07,BEER-1051,New Belgium 1554,New Belgium,Beer,5.95,0.59,Launch,190,1165,16.31,682.67,20.15,12.29,15.54,13.65,9.47,21.98,17.56,10.31,10.05,16.59,7.69,8.50,82.01
2023-07-01,2023-07,BEER-1052,Sierra Nevada Pale Ale,Sierra Nevada,Beer,5.95,3.02,Growth,853,1165,73.22,2861.23,84.45,55.29,61.14,69.64,57.20,59.34,73.45,49.03,49.75,75.58,39.32,8.50,83.99
2023-07-01,2023-07,BEER-1053,Sierra Nevada Torpedo IPA,Sierra Nevada,Beer,5.95,1.51,Launch,407,1165,34.94,1424.73,42.05,29.35,28.76,33.15,23.11,32.97,33.93,20.33,27.64,41.47,16.24,8.50,90.69
2023-07-01,2023-07,BEER-1056,Lagunitas IPA,Lagunitas,Beer,5.95,0.13,Launch,183,1165,15.71,679.70,20.06,13.99,9.59,13.93,14.02,19.78,15.17,11.98,12.56,13.36,8.55,8.50,77.82
2023-07-01,2023-07,BEER-1057,Lagunitas Little Sumpin',Lagunitas,Beer,5.95,5.06,Growth,828,1165,71.07,2824.28,83.36,57.00,59.33,66.85,51.14,62.64,69.66,47.91,49.75,73.27,41.88,8.50,85.62
2023-07-01,2023-07,BEER-1060,60 Minute IPA,Dogfish Head,Beer,5.95,4.63,Growth,826,1165,70.90,2828.76,83.49,58.36,61.40,66.30,48.48,57.14,70.66,48.47,47.24,74.65,35.90,8.50,82.55
2023-07-01,2023-07,BEER-1063,Two Hearted IPA,Bell's,Beer,5.95,1.22,Launch,395,1165,33.91,1359.86,40.14,29.01,26.17,33.70,23.48,28.57,33.33,20.89,25.13,36.41,20.51,8.50,92.12
2023-07-01,2023-07,BEER-1068,Belgian White,Shock Top,Beer,5.95,4.47,Growth,825,1165,70.82,2823.69,83.34,56.31,62.18,65.46,49.62,59.34,72.06,44.57,48.74,75.12,37.61,8.50,87.97
2023-07-01,2023-07,BEER-1069,Pure Gold,Michelob Ultra,Beer,5.95,4.83,Growth,838,1165,71.93,2859.10,84.39,56.31,61.14,67.69,53.03,59.34,70.66,47.91,53.27,70.97,44.44,8.50,89.19
2023-07-01,2023-07,BEER-1071,Original,Tecate,Beer,5.95,3.29,Growth,831,1165,71.33,2828.10,83.47,60.41,59.59,67.13,48.48,60.44,71.06,47.08,50.25,73.27,40.17,8.50,91.48
2023-07-01,2023-07,SELT-1105,Smirnoff Seltzer Orange Mango,Smirnoff Seltzer,Hard Seltzer,5.95,0.03,Launch,12,1165,1.03,57.00,1.68,1.71,0.78,0.56,0.38,1.10,0.60,0.28,0.50,3.23,0.00,3.00,14.33
2023-08-01,2023-08,BEER-1000,Budweiser Original,Budweiser,Beer,6.96,1.31,Launch,391,1165,33.56,1356.18,40.03,23.21,29.27,32.31,26.89,25.27,32.73,19.78,27.14,35.48,21.37,8.50,75.83
2023-08-01,2023-08,BEER-1001,Budweiser Light,Budweiser,Beer,6.96,2.37,Launch,401,1165,34.42,1440.96,42.53,31.40,29.27,30.92,20.83,32.97,36.33,19.78,23.12,35.48,21.37,8.50,92.07
2023-08-01,2023-08,BEER-1004,Coors Original,Coors,Beer,6.96,2.86,Launch,401,1165,34.42,1391.23,41.06,27.99,31.87,32.03,22.35,24.18,34.13,20.61,27.64,36.41,18.80,8.50,82.49
2023-08-01,2023-08,BEER-1005,Coors Light,Coors,Beer,6.96,5.09,Growth,830,1165,71.24,2809.71,82.93,59.73,62.18,67.13,42.05,69.23,71.26,44.01,51.76,74.65,42.74,8.50,93.59
2023-08-01,2023-08,BEER-1006,Coors Banquet,Coors,Beer,6.96,2.14,Launch,380,1165,32.62,1367.33,40.36,29.01,25.91,31.48,23.11,23.08,31.54,19.50,29.65,33.64,17.09,8.50,91.67
2023-08-01,2023-08,BEER-1009,Miller Lite,Miller,Beer,6.96,6.96,Growth,945,1165,81.12,3072.52,90.69,65.53,68.91,74.65,57.95,72.53,78.84,55.99,56.28,83.41,47.86,2.00,88.72
2023-08-01,2023-08,BEER-1011,Miller 64,Miller,Beer,6.96,0.76,Launch,202,1165,17.34,711.35,21.00,12.97,14.25,14.76,13.26,23.08,16.97,10.58,12.06,18.89,11.97,8.50,94.42
2023-08-01,2023-08,BEER-1012,Corona Extra,Corona,Beer,6.96,0.72,Launch,208,1165,17.85,727.48,21.47,15.70,16.58,14.76,11.74,15.38,18.36,11.14,10.05,17.51,15.38,8.50,78.53
2023-08-01,2023-08,BEER-1014,Corona Premier,Corona,Beer,6.96,3.15,Growth,847,1165,72.70,2883.44,85.11,61.43,63.21,67.13,46.97,63.74,72.26,47.35,52.26,76.50,38.46,8.50,81.36
2023-08-01,2023-08,BEER-1015,Corona Familiar,Corona,Beer,6.96,2.60,Launch,384,1165,32.96,1404.96,41.47,24.23,30.57,31.20,22.73,25.27,32.53,18.66,27.14,34.56,21.37,8.50,83.40
2023-08-01,2023-08,BEER-1016,Heineken Original,Heineken,Beer,6.96,5.09,Growth,820,1165,70.39,2803.47,82.75,56.31,59.59,67.41,50.00,56.04,69.06,47.35,53.77,70.51,37.61,8.50,79.88
2023-08-01,2023-08,BEER-1017,Heineken Light,Heineken,Beer,6.96,5.55,Growth,833,1165,71.50,2849.20,84.10,52.56,63.73,67.13,49.24,68.13,72.85,46.52,51.76,71.89,35.90,8.50,81.37
2023-08-01,2023-08,BEER-1018,Heineken 0.0,Heineken,Beer,6.96,1.31,Launch,380,1165,32.62,1354.87,39.99,26.96,29.79,29.53,20.83,27.47,33.33,21.17,20.10,35.94,16.24,8.50,80.50
2023-08-01,2023-08,BEER-1019,Heineken Silver,Heineken,Beer,6.96,1.74,Launch,410,1165,35.19,1455.25,42.95,25.26,30.05,35.10,25.76,28.57,36.33,20.89,23.12,38.71,19.66,8.50,77.48
2023-08-01,2023-08,BEER-1020,Stella Artois Original,Stella Artois,Beer,6.96,1.31,Launch,397,1165,34.08,1433.19,42.30,27.99,30.83,33.70,19.32,26.37,33.13,23.40,24.62,36.87,15.38,8.50,80.34
2023-08-01,2023-08,BEER-1023,Stella Artois Unfiltered,Stella Artois,Beer,6.96,2.10,Launch,381,1165,32.70,1362.97,40.23,27.99,25.13,32.59,23.48,25.27,33.13,23.12,25.63,29.03,15.38,8.50,93.88
2023-08-01,2023-08,BEER-1024,Blue Moon Belgian White,Blue Moon,Beer,6.96,4.37,Growth,831,1165,71.33,2843.74,83.93,60.07,59.07,64.07,53.03,62.64,73.45,46.24,46.23,76.50,33.33,8.50,75.54
2023-08-01,2023-08,BEER-1025,Blue Moon Light Sky,Blue Moon,Beer,6.96,0.00,Launch,177,1165,15.19,635.01,18.74,10.24,13.73,15.88,9.09,14.29,15.37,9.47,12.06,15.67,6.84,8.50,84.51
2023-08-01,2023-08,BEER-1026,Blue Moon Mango Wheat,Blue Moon,Beer,6.96,0.33,Launch,225,1165,19.31,783.53,23.13,16.72,17.62,18.38,9.85,17.58,19.76,11.14,14.07,20.74,11.11,8.50,84.92
2023-08-01,2023-08,BEER-1029,Sam Adams Light,Sam Adams,Beer,6.96,1.61,Launch,384,1165,32.96,1365.91,40.32,24.91,29.27,32.87,20.83,27.47,34.13,21.45,22.61,33.18,16.24,8.50,87.86
2023-08-01,2023-08,BEER-1031,Sam Adams IPA,Sam Adams,Beer,6.96,2.17,Launch,390,1165,33.48,1411.16,41.65,28.67,28.24,28.97,25.00,29.67,36.73,17.27,21.61,40.09,11.97,8.50,87.44
2023-08-01,2023-08,BEER-1032,Guinness Draught,Guinness,Beer,6.96,6.34,Growth,992,1165,85.15,3167.48,93.49,71.67,73.32,76.04,60.98,71.43,81.24,59.33,62.81,87.10,49.57,2.00,91.49
2023-08-01,2023-08,BEER-1033,Guinness Extra Stout,Guinness,Beer,6.96,5.45,Growth,841,1165,72.19,2845.19,83.98,57.68,63.21,68.25,48.48,60.44,73.05,47.91,50.25,75.58,33.33,8.50,78.87
2023-08-01,2023-08,BEER-1036,Modelo Especial,Modelo,Beer,6.96,6.54,Growth,977,1165,83.86,3129.10,92.36,69.28,70.73,76.32,60.61,73.63,82.44,56.27,60.80,86.64,45.30,2.00,94.14
2023-08-01,2023-08,BEER-1037,Modelo Negra,Modelo,Beer,6.96,2.30,Launch,395,1165,33.91,1385.80,40.90,24.57,31.35,34.26,20.08,28.57,34.73,20.33,19.60,39.63,19.66,8.50,79.64
2023-08-01,2023-08,BEER-1038,Modelo Chelada,Modelo,Beer,6.96,6.96,Growth,974,1165,83.61,3102.49,91.57,69.28,68.65,76.60,62.50,72.53,80.24,56.82,60.80,84.79,53.85,2.00,87.84
2023-08-01,2023-08,BEER-1039,Modelo Light,Modelo,Beer,6.96,5.22,Growth,839,1165,72.02,2802.36,82.71,61.43,59.59,66.85,49.62,63.74,72.65,45.68,50.25,75.58,40.17,8.50,81.01
2023-08-01,2023-08,BEER-1041,Dos Equis Amber,Dos Equis,Beer,6.96,2.27,Launch,421,1165,36.14,1439.27,42.48,26.28,35.23,32.31,27.27,21.98,39.12,22.84,21.61,35.48,19.66,8.50,94.30
2023-08-01,2023-08,BEER-1042,Dos Equis Lime & Salt,Dos Equis,Beer,6.96,6.60,Growth,972,1165,83.43,3117.26,92.01,67.24,71.24,76.60,61.36,69.23,83.03,53.20,61.81,86.18,47.01,2.00,85.25
2023-08-01,2023-08,BEER-1047,Yuengling Flight,Yuengling,Beer,6.96,1.87,Launch,415,1165,35.62,1473.40,43.49,27.99,31.09,33.98,22.73,34.07,36.93,22.56,21.11,38.71,19.66,8.50,92.93
2023-08-01,2023-08,BEER-1048,New Belgium Fat Tire,New Belgium,Beer,6.96,6.73,Growth,973,1165,83.52,3102.47,91.57,67.24,68.91,77.44,63.26,71.43,80.64,56.82,59.30,86.64,50.43,2.00,94.95
2023-08-01,2023-08,BEER-1049,New Belgium Voodoo Ranger IPA,New Belgium,Beer,6.96,2.99,Launch,401,1165,34.42,1456.16,42.98,23.21,30.57,33.43,25.76,29.67,30.94,22.56,27.14,39.63,21.37,8.50,78.77
2023-08-01,2023-08,BEER-1051,New Belgium 1554,New Belgium,Beer,6.96,1.61,Launch,391,1165,33.56,1383.39,40.83,24.57,30.05,31.75,21.21,36.26,33.13,21.17,22.61,39.17,16.24,8.50,87.47
2023-08-01,2023-08,BEER-1052,Sierra Nevada Pale Ale,Sierra Nevada,Beer,6.96,4.04,Growth,834,1165,71.59,2852.29,84.19,57.34,63.47,66.85,47.35,61.54,70.46,45.68,52.76,76.04,40.17,8.50,91.15
2023-08-01,2023-08,BEER-1053,Sierra Nevada Torpedo IPA,Sierra Nevada,Beer,6.96,2.53,Launch,388,1165,33.30,1362.83,40.22,27.99,25.91,34.82,22.35,24.18,33.13,22.01,21.11,34.10,23.08,8.50,83.70
2023-08-01,2023-08,BEER-1054,Sierra Nevada Hazy Little Thing,Sierra Nevada,Beer,6.96,0.89,Launch,209,1165,17.94,739.24,21.82,17.41,15.54,12.81,12.50,20.88,17.37,12.26,12.56,18.89,10.26,8.50,91.87
2023-08-01,2023-08,BEER-1056,Lagunitas IPA,Lagunitas,Beer,6.96,1.15,Launch,407,1165,34.94,1406.46,41.51,25.60,28.50,35.93,25.00,29.67,34.33,22.84,22.61,38.71,20.51,8.50,92.32
2023-08-01,2023-08,BEER-1057,Lagunitas Little Sumpin',Lagunitas,Beer,6.96,6.08,Growth,980,1165,84.12,3131.45,92.43,68.60,70.21,75.21,65.15,72.53,82.83,56.82,62.81,82.95,47.86,2.00,80.50
2023-08-01,2023-08,BEER-1060,60 Minute IPA,Dogfish Head,Beer,6.96,5.65,Growth,847,1165,72.70,2841.52,83.87,61.09,60.10,67.97,50.00,65.93,70.26,49.86,51.26,74.19,45.30,8.50,92.71
2023-08-01,2023-08,BEER-1062,All Day IPA,Founders,Beer,6.96,0.69,Launch,188,1165,16.14,677.64,20.00,11.60,15.03,14.76,10.61,16.48,14.57,11.42,11.56,18.43,9.40,8.50,77.88
2023-08-01,2023-08,BEER-1063,Two Hearted IPA,Bell's,Beer,6.96,2.23,Launch,386,1165,33.13,1352.65,39.92,22.87,35.23,29.25,20.08,27.47,35.93,15.88,22.11,36.41,22.22,8.50,84.60
2023-08-01,2023-08,BEER-1064,Black Butte Porter,Deschutes,Beer,6.96,0.39,Launch,201,1165,17.25,690.22,20.37,14.33,13.21,18.38,11.36,13.19,16.97,11.14,12.06,16.59,13.68,8.50,86.11
2023-08-01,2023-08,BEER-1065,Steam Beer,Anchor,Beer,6.96,0.03,Launch,199,1165,17.08,741.66,21.89,13.99,17.36,15.88,9.85,8.79,19.16,10.58,13.57,14.75,5.13,8.50,89.43
2023-08-01,2023-08,BEER-1068,Belgian White,Shock Top,Beer,6.96,5.49,Growth,825,1165,70.82,2822.37,83.30,55.63,59.59,67.13,49.24,67.03,69.66,45.96,50.75,74.19,41.88,8.50,86.46
2023-08-01,2023-08,BEER-1069,Pure Gold,Michelob Ultra,Beer,6.96,5.85,Growth,831,1165,71.33,2846.17,84.01,55.97,62.95,64.90,47.35,72.53,73.05,45.13,48.24,73.73,40.17,8.50,76.12
2023-08-01,2023-08,BEER-1071,Original,Tecate,Beer,6.96,4.30,Growth,840,1165,72.10,2814.00,83.06,59.04,60.36,67.13,51.14,63.74,71.46,46.80,48.74,78.34,40.17,8.50,82.97
2023-08-01,2023-08,BEER-1073,Munich Dunkel,Negra Modelo,Beer,6.96,0.53,Launch,210,1165,18.03,770.03,22.73,13.99,14.51,17.27,12.12,20.88,17.96,12.53,11.06,19.35,9.40,8.50,83.84
2023-08-01,2023-08,SELT-1075,White Claw Mango,White Claw,Hard Seltzer,6.96,0.76,Launch,39,1165,3.35,151.90,4.48,3.75,2.33,1.39,3.41,5.49,2.40,2.23,3.52,4.15,2.56,3.00,23.19
2023-08-01,2023-08,SELT-1078,White Claw Watermelon,White Claw,Hard Seltzer,6.96,0.92,Launch,35,1165,3.00,174.70,5.16,2.73,2.85,1.39,3.03,3.30,3.59,0.00,2.51,5.53,0.00,3.00,36.52
2023-08-01,2023-08,SELT-1098,Vizzy Blueberry Pomegranate,Vizzy,Hard Seltzer,6.96,0.33,Launch,14,1165,1.20,37.70,1.11,1.37,1.04,0.84,1.14,0.00,0.80,0.84,0.50,2.76,0.00,3.00,18.15
2023-08-01,2023-08,SELT-1105,Smirnoff Seltzer Orange Mango,Smirnoff Seltzer,Hard Seltzer,6.96,1.05,Launch,40,1165,3.43,138.60,4.09,2.73,2.33,3.06,3.41,3.30,3.19,0.84,2.01,7.37,0.85,3.00,17.46
2023-09-01,2023-09,BEER-1000,Budweiser Original,Budweiser,Beer,7.98,2.33,Launch,409,1165,35.11,1470.94,43.42,24.91,27.98,36.49,25.76,31.87,35.13,23.40,23.12,36.41,20.51,8.50,94.82
2023-09-01,2023-09,BEER-1001,Budweiser Light,Budweiser,Beer,7.98,3.38,Growth,845,1165,72.53,2888.61,85.26,56.66,62.18,67.97,51.14,65.93,72.46,45.68,56.78,74.19,37.61,8.50,83.51
2023-09-01,2023-09,BEER-1002,Budweiser Select,Budweiser,Beer,7.98,0.07,Launch,187,1165,16.05,669.92,19.77,12.63,14.51,13.37,11.36,17.58,17.37,7.24,13.07,15.21,12.82,8.50,76.77
2023-09-01,2023-09,BEER-1003,Budweiser Zero,Budweiser,Beer,7.98,0.79,Launch,218,1165,18.71,759.18,22.41,16.04,15.80,17.55,11.36,18.68,18.36,10.03,14.07,18.43,18.80,8.50,90.23
2023-09-01,2023-09,BEER-1004,Coors Original,Coors,Beer,7.98,3.88,Growth,838,1165,71.93,2855.45,84.28,56.31,61.40,71.59,46.97,60.44,74.05,47.35,49.75,73.73,32.48,8.50,93.28
2023-09-01,2023-09,BEER-1005,Coors Light,Coors,Beer,7.98,6.11,Growth,985,1165,84.55,3148.59,92.93,67.92,73.58,75.49,62.50,72.53,84.23,54.60,63.82,83.41,50.43,2.00,75.63
2023-09-01,2023-09,BEER-1006,Coors Banquet,Coors,Beer,7.98,3.15,Growth,841,1165,72.19,2863.63,84.52,58.02,62.69,69.08,48.48,58.24,70.46,46.24,56.78,74.65,40.17,8.50,81.81
2023-09-01,2023-09,BEER-1009,Miller Lite,Miller,Beer,7.98,7.98,Growth,974,1165,83.61,3121.86,92.14,68.26,71.50,75.49,62.88,67.03,82.83,56.82,59.30,84.33,46.15,2.00,81.43
2023-09-01,2023-09,BEER-1011,Miller 64,Miller,Beer,7.98,1.77,Launch,394,1165,33.82,1408.29,41.57,25.94,27.72,30.64,27.65,30.77,34.33,21.17,23.62,35.94,17.95,8.50,92.15
2023-09-01,2023-09,BEER-1012,Corona Extra,Corona,Beer,7.98,1.74,Launch,397,1165,34.08,1408.01,41.56,25.26,30.57,32.87,21.97,31.87,33.33,21.45,26.63,37.79,15.38,8.50,76.85
2023-09-01,2023-09,BEER-1014,Corona Premier,Corona,Beer,7.98,4.17,Growth,843,1165,72.36,2842.71,83.90,57.34,63.47,67.41,51.52,57.14,71.06,49.58,53.77,72.35,38.46,8.50,88.93
2023-09-01,2023-09,BEER-1015,Corona Familiar,Corona,Beer,7.98,3.61,Growth,822,1165,70.56,2794.45,82.48,58.02,59.07,67.69,48.11,59.34,73.45,45.40,45.73,71.43,38.46,8.50,85.97
2023-09-01,2023-09,BEER-1016,Heineken Original,Heineken,Beer,7.98,6.11,Growth,976,1165,83.78,3139.04,92.65,69.28,73.06,77.44,58.33,64.84,80.84,58.50,58.29,85.25,51.28,2.00,82.79
2023-09-01,2023-09,BEER-1017,Heineken Light,Heineken,Beer,7.98,6.57,Growth,979,1165,84.03,3117.42,92.01,67.24,71.50,74.65,64.39,74.73,83.23,57.66,58.29,82.95,50.43,2.00,80.71
2023-09-01,2023-09,BEER-1018,Heineken 0.0,Heineken,Beer,7.98,2.33,Launch,401,1165,34.42,1461.25,43.13,30.72,28.50,34.82,20.45,24.18,35.73,22.28,23.12,35.02,17.09,8.50,92.55
2023-09-01,2023-09,BEER-1019,Heineken Silver,Heineken,Beer,7.98,2.76,Launch,379,1165,32.53,1280.22,37.79,23.89,28.50,32.31,20.45,31.87,32.93,21.17,20.60,33.18,21.37,8.50,82.39
2023-09-01,2023-09,BEER-1020,Stella Artois Original,Stella Artois,Beer,7.98,2.33,Launch,377,1165,32.36,1351.06,39.88,23.21,29.02,33.43,20.83,24.18,34.33,20.33,22.61,32.72,13.68,8.50,76.31
2023-09-01,2023-09,BEER-1023,Stella Artois Unfiltered,Stella Artois,Beer,7.98,3.12,Growth,833,1165,71.50,2813.73,83.05,54.61,62.95,67.97,48.11,64.84,71.66,46.52,49.75,72.35,43.59,8.50,75.20
2023-09-01,2023-09,BEER-1024,Blue Moon Belgian White,Blue Moon,Beer,7.98,5.39,Growth,844,1165,72.45,2856.50,84.31,57.68,61.92,66.30,52.27,65.93,73.45,48.47,46.73,76.04,37.61,8.50,76.14
2023-09-01,2023-09,BEER-1025,Blue Moon Light Sky,Blue Moon,Beer,7.98,1.02,Launch,423,1165,36.31,1473.39,43.49,27.99,34.72,31.20,26.52,27.47,35.13,24.23,25.63,39.17,20.51,8.50,90.54
2023-09-01,2023-09,BEER-1026,Blue Moon Mango Wheat,Blue Moon,Beer,7.98,1.35,Launch,384,1165,32.96,1351.17,39.88,26.96,29.53,30.08,20.83,30.77,33.93,22.56,21.11,32.72,17.09,8.50,92.19
2023-09-01,2023-09,BEER-1028,Sam Adams Boston Lager,Sam Adams,Beer,7.98,0.49,Launch,194,1165,16.65,692.67,20.44,12.29,13.99,16.71,10.98,16.48,17.17,11.14,8.54,17.05,11.97,8.50,93.54
2023-09-01,2023-09,BEER-1029,Sam Adams Light,Sam Adams,Beer,7.98,2.63,Launch,399,1165,34.25,1525.86,45.04,24.23,28.24,32.87,28.79,27.47,34.53,23.12,16.58,43.32,13.68,8.50,86.63
2023-09-01,2023-09,BEER-1030,Sam Adams Seasonal,Sam Adams,Beer,7.98,0.56,Launch,181,1165,15.54,629.38,18.58,9.22,15.28,15.04,11.36,12.09,14.37,10.31,15.58,15.21,6.84,8.50,91.41
2023-09-01,2023-09,BEER-1031,Sam Adams IPA,Sam Adams,Beer,7.98,3.19,Growth,840,1165,72.10,2843.64,83.93,55.97,61.14,68.25,52.27,62.64,73.05,47.35,45.73,76.50,40.17,8.50,89.70
2023-09-01,2023-09,BEER-1032,Guinness Draught,Guinness,Beer,7.98,7.36,Growth,954,1165,81.89,3086.02,91.09,67.24,71.50,71.87,57.95,76.92,81.64,52.92,55.28,86.18,49.57,2.00,92.53
2023-09-01,2023-09,BEER-1033,Guinness Extra Stout,Guinness,Beer,7.98,6.47,Growth,978,1165,83.95,3132.92,92.47,65.87,72.54,76.88,62.50,70.33,82.44,55.99,60.30,85.25,50.43,2.00,94.23
2023-09-01,2023-09,BEER-1034,Guinness Blonde,Guinness,Beer,7.98,0.36,Launch,194,1165,16.65,697.02,20.57,15.02,12.69,14.48,12.50,17.58,15.97,11.14,12.06,19.35,6.84,8.50,78.12
2023-09-01,2023-09,BEER-1036,Modelo Especial,Modelo,Beer,7.98,7.56,Growth,962,1165,82.58,3086.18,91.09,65.87,72.28,72.14,61.74,74.73,81.44,53.76,59.30,83.87,52.14,2.00,77.09
2023-09-01,2023-09,BEER-1037,Modelo Negra,Modelo,Beer,7.98,3.32,Growth,814,1165,69.87,2776.80,81.96,51.88,60.10,68.80,49.24,58.24,71.06,47.08,51.26,67.74,34.19,8.50,76.13
2023-09-01,2023-09,BEER-1038,Modelo Chelada,Modelo,Beer,7.98,7.98,Growth,995,1165,85.41,3150.86,93.00,67.92,74.35,75.21,64.39,75.82,83.03,58.22,61.81,85.71,52.14,2.00,90.67
2023-09-01,2023-09,BEER-1039,Modelo Light,Modelo,Beer,7.98,6.24,Growth,962,1165,82.58,3128.53,92.34,64.16,69.69,75.21,62.88,75.82,81.44,56.82,57.29,86.18,41.88,2.00,82.50
2023-09-01,2023-09,BEER-1041,Dos Equis Amber,Dos Equis,Beer,7.98,3.29,Growth,854,1165,73.30,2823.74,83.34,60.41,62.44,70.75,49.24,57.14,74.05,46.80,51.76,75.58,41.03,8.50,77.85
2023-09-01,2023-09,BEER-1042,Dos Equis Lime & Salt,Dos Equis,Beer,7.98,7.62,Growth,960,1165,82.40,3090.11,91.21,68.26,71.50,74.09,57.58,72.53,81.44,53.76,57.79,84.33,52.14,2.00,86.50
2023-09-01,2023-09,BEER-1044,Yuengling Traditional Lager,Yuengling,Beer,7.98,0.66,Launch,197,1165,16.91,723.49,21.35,13.99,15.03,14.76,13.26,10.99,18.16,10.31,10.55,19.35,5.13,8.50,94.82
2023-09-01,2023-09,BEER-1047,Yuengling Flight,Yuengling,Beer,7.98,2.89,Launch,390,1165,33.48,1431.09,42.24,20.82,29.27,37.33,21.97,26.37,34.53,18.38,26.13,36.87,16.24,8.50,88.98
2023-09-01,2023-09,BEER-1048,New Belgium Fat Tire,New Belgium,Beer,7.98,7.75,Growth,965,1165,82.83,3115.29,91.95,66.21,70.98,76.60,57.95,75.82,81.64,57.38,57.79,83.41,46.15,2.00,76.49
2023-09-01,2023-09,BEER-1049,New Belgium Voodoo Ranger IPA,New Belgium,Beer,7.98,4.01,Growth,831,1165,71.33,2829.47,83.51,56.31,63.73,66.57,48.48,58.24,71.06,48.75,48.74,73.73,36.75,8.50,94.83
2023-09-01,2023-09,BEER-1051,New Belgium 1554,New Belgium,Beer,7.98,2.63,Launch,413,1165,35.45,1486.18,43.87,28.33,28.76,34.54,26.52,27.47,32.93,24.23,29.65,38.25,16.24,8.50,80.49
2023-09-01,2023-09,BEER-1052,Sierra Nevada Pale Ale,Sierra Nevada,Beer,7.98,5.06,Growth,835,1165,71.67,2833.82,83.64,56.31,60.88,66.85,53.03,60.44,74.25,45.96,51.76,72.35,32.48,8.50,94.39
2023-09-01,2023-09,BEER-1053,Sierra Nevada Torpedo IPA,Sierra Nevada,Beer,7.98,3.55,Growth,863,1165,74.08,2902.44,85.67,60.07,63.47,67.69,54.55,60.44,74.05,49.03,51.76,79.26,35.04,8.50,77.86
2023-09-01,2023-09,BEER-1054,Sierra Nevada Hazy Little Thing,Sierra Nevada,Beer,7.98,1.91,Launch,386,1165,33.13,1316.19,38.85,32.08,24.35,32.03,22.73,25.27,32.34,24.23,20.60,30.88,24.79,8.50,93.61
2023-09-01,2023-09,BEER-1056,Lagunitas IPA,Lagunitas,Beer,7.98,2.17,Launch,421,1165,36.14,1522.41,44.93,29.69,32.12,34.54,24.62,23.08,34.33,23.12,23.62,42.40,23.08,8.50,77.19
2023-09-01,2023-09,BEER-1057,Lagunitas Little Sumpin',Lagunitas,Beer,7.98,7.10,Growth,971,1165,83.35,3141.29,92.72,66.89,69.95,75.49,64.02,71.43,83.63,53.48,56.78,87.56,48.72,2.00,78.51
2023-09-01,2023-09,BEER-1058,Lagunitas Censored,Lagunitas,Beer,7.98,0.79,Launch,203,1165,17.42,720.48,21.27,16.38,14.77,15.60,9.09,19.78,16.17,12.53,13.07,19.82,6.84,8.50,78.47
2023-09-01,2023-09,BEER-1060,60 Minute IPA,Dogfish Head,Beer,7.98,6.67,Growth,972,1165,83.43,3140.46,92.69,68.60,69.43,76.60,62.12,70.33,81.44,56.55,61.31,84.79,47.01,2.00,90.80
2023-09-01,2023-09,BEER-1061,IPA,Stone,Beer,7.98,0.53,Launch,191,1165,16.39,677.00,19.98,11.60,15.03,15.88,12.12,10.99,16.17,10.03,11.56,17.05,11.97,8.50,80.72
2023-09-01,2023-09,BEER-1062,All Day IPA,Founders,Beer,7.98,1.71,Launch,392,1165,33.65,1405.26,41.48,25.60,30.83,31.75,23.48,24.18,35.13,18.38,20.60,37.79,23.08,8.50,91.92
2023-09-01,2023-09,BEER-1063,Two Hearted IPA,Bell's,Beer,7.98,3.25,Growth,846,1165,72.62,2906.24,85.78,58.70,60.36,69.08,50.76,64.84,71.66,46.24,53.77,74.65,44.44,8.50,82.72
2023-09-01,2023-09,BEER-1064,Black Butte Porter,Deschutes,Beer,7.98,1.41,Launch,383,1165,32.88,1281.03,37.81,25.26,28.50,33.43,19.70,29.67,33.33,22.28,24.62,30.41,17.95,8.50,82.46
2023-09-01,2023-09,BEER-1065,Steam Beer,Anchor,Beer,7.98,1.05,Launch,405,1165,34.76,1468.57,43.35,30.03,24.87,37.33,21.59,32.97,33.53,21.73,26.63,41.01,14.53,8.50,85.94
2023-09-01,2023-09,BEER-1066,Lager,Brooklyn,Beer,7.98,0.79,Launch,187,1165,16.05,647.34,19.11,14.68,12.44,16.16,10.61,10.99,17.17,11.42,10.05,15.21,5.98,8.50,82.69
2023-09-01,2023-09,BEER-1067,312 Urban Wheat,Goose Island,Beer,7.98,0.13,Launch,194,1165,16.65,722.16,21.31,16.72,11.14,18.66,8.71,13.19,13.57,9.75,14.57,23.04,10.26,8.50,75.10
2023-09-01,2023-09,BEER-1068,Belgian White,Shock Top,Beer,7.98,6.50,Growth,971,1165,83.35,3108.95,91.76,67.58,70.98,76.32,61.74,68.13,81.04,54.60,63.32,83.41,52.99,2.00,84.50
2023-09-01,2023-09,BEER-1069,Pure Gold,Michelob Ultra,Beer,7.98,6.87,Growth,977,1165,83.86,3153.88,93.09,66.21,73.06,75.49,61.74,73.63,81.84,54.87,59.80,87.10,52.99,2.00,82.41
2023-09-01,2023-09,BEER-1071,Original,Tecate,Beer,7.98,5.32,Growth,829,1165,71.16,2814.11,83.06,59.73,59.33,67.41,47.35,63.74,69.46,45.68,52.26,74.19,44.44,8.50,83.40
2023-09-01,2023-09,BEER-1073,Munich Dunkel,Negra Modelo,Beer,7.98,1.54,Launch,380,1165,32.62,1291.64,38.12,24.91,28.24,30.36,23.86,28.57,33.33,20.33,23.12,31.80,21.37,8.50,75.66
2023-09-01,2023-09,SELT-1075,White Claw Mango,White Claw,Hard Seltzer,7.98,1.77,Launch,64,1165,5.49,261.32,7.71,8.19,2.85,3.90,5.30,1.10,4.39,2.23,2.01,13.82,0.00,3.00,23.18
2023-09-01,2023-09,SELT-1078,White Claw Watermelon,White Claw,Hard Seltzer,7.98,1.94,Launch,62,1165,5.32,193.30,5.71,3.75,4.66,3.06,6.82,4.40,6.39,1.95,4.52,6.45,0.00,3.00,23.74
2023-09-01,2023-09,SELT-1087,Bud Light Seltzer Strawberry,Bud Light Seltzer,Hard Seltzer,7.98,0.03,Launch,35,1165,3.00,110.77,3.27,2.39,2.85,1.95,2.65,3.30,2.79,1.95,0.50,5.99,0.00,3.00,16.71
2023-09-01,2023-09,SELT-1098,Vizzy Blueberry Pomegranate,Vizzy,Hard Seltzer,7.98,1.35,Launch,40,1165,3.43,148.61,4.39,4.10,1.55,2.51,3.41,4.40,3.19,1.39,2.01,6.91,0.00,3.00,24.02
2023-09-01,2023-09,SELT-1105,Smirnoff Seltzer Orange Mango,Smirnoff Seltzer,Hard Seltzer,7.98,2.07,Rapid_Growth,94,1165,8.07,354.01,10.45,8.87,7.25,4.18,7.20,6.59,6.79,3.90,3.52,17.51,0.85,3.00,16.69
2023-09-01,2023-09,SELT-1106,Smirnoff Seltzer Cranberry Lime,Smirnoff Seltzer,Hard Seltzer,7.98,0.43,Launch,20,1165,1.72,95.89,2.83,1.71,1.55,0.56,1.89,2.20,1.00,0.84,1.51,4.15,0.00,3.00,17.64
2023-09-01,2023-09,SELT-1110,High Noon Black Cherry,High Noon,Hard Seltzer,7.98,0.99,Launch,24,1165,2.06,90.27,2.66,3.07,1.04,1.39,1.89,1.10,1.40,0.28,2.01,3.69,3.42,3.00,16.26
2023-10-01,2023-10,BEER-1000,Budweiser Original,Budweiser,Beer,8.97,3.32,Growth,804,1165,69.01,2782.86,82.14,52.22,61.92,64.62,48.48,57.14,67.47,45.13,47.74,74.65,40.17,8.50,75.94
2023-10-01,2023-10,BEER-1001,Budweiser Light,Budweiser,Beer,8.97,4.37,Growth,838,1165,71.93,2830.74,83.55,59.39,62.44,67.41,47.73,60.44,72.06,47.35,49.75,72.35,43.59,8.50,77.03
2023-10-01,2023-10,BEER-1002,Budweiser Select,Budweiser,Beer,8.97,1.05,Launch,405,1165,34.76,1425.61,42.08,26.62,31.09,34.54,20.08,32.97,34.33,21.73,28.14,33.18,23.08,8.50,81.70
2023-10-01,2023-10,BEER-1003,Budweiser Zero,Budweiser,Beer,8.97,1.77,Launch,391,1165,33.56,1404.10,41.44,26.62,29.53,34.82,21.59,18.68,33.53,20.06,24.12,36.87,19.66,8.50,77.46
2023-10-01,2023-10,BEER-1004,Coors Original,Coors,Beer,8.97,4.86,Growth,818,1165,70.21,2795.72,82.52,57.00,58.29,66.85,48.11,64.84,70.66,46.80,47.74,75.58,31.62,8.50,88.48
2023-10-01,2023-10,BEER-1005,Coors Light,Coors,Beer,8.97,7.10,Growth,996,1165,85.49,3156.74,93.17,69.97,72.54,75.77,65.53,72.53,84.23,58.22,62.31,83.41,51.28,2.00,79.98
2023-10-01,2023-10,BEER-1006,Coors Banquet,Coors,Beer,8.97,4.14,Growth,849,1165,72.88,2865.17,84.57,60.41,61.40,67.97,49.62,65.93,72.46,48.19,50.25,76.50,40.17,8.50,78.74
2023-10-01,2023-10,BEER-1009,Miller Lite,Miller,Beer,8.97,8.97,Growth,973,1165,83.52,3124.72,92.23,63.82,73.06,76.04,61.74,74.73,82.24,55.99,60.30,81.57,53.85,2.00,91.84
2023-10-01,2023-10,BEER-1011,Miller 64,Miller,Beer,8.97,2.76,Launch,367,1165,31.50,1303.68,38.48,21.84,28.76,30.92,20.83,28.57,30.94,22.56,21.61,32.72,14.53,8.50,77.58
2023-10-01,2023-10,BEER-1012,Corona Extra,Corona,Beer,8.97,2.73,Launch,380,1165,32.62,1421.26,41.95,27.65,28.76,32.03,19.32,24.18,32.34,22.28,25.63,32.26,14.53,8.50,83.42
2023-10-01,2023-10,BEER-1014,Corona Premier,Corona,Beer,8.97,5.16,Growth,829,1165,71.16,2806.71,82.84,54.61,63.47,67.69,48.11,59.34,71.86,50.42,47.24,69.59,36.75,8.50,83.05
2023-10-01,2023-10,BEER-1015,Corona Familiar,Corona,Beer,8.97,4.60,Growth,852,1165,73.13,2867.07,84.62,58.36,63.47,66.30,54.92,58.24,69.86,49.86,52.76,76.50,44.44,8.50,90.25
2023-10-01,2023-10,BEER-1016,Heineken Original,Heineken,Beer,8.97,7.10,Growth,984,1165,84.46,3115.01,91.94,68.94,70.21,77.99,62.50,72.53,82.83,57.38,59.80,85.71,49.57,2.00,92.99
2023-10-01,2023-10,BEER-1017,Heineken Light,Heineken,Beer,8.97,7.56,Growth,970,1165,83.26,3106.69,91.70,68.94,71.24,73.82,60.23,75.82,81.24,57.10,59.30,83.87,49.57,2.00,81.05
2023-10-01,2023-10,BEER-1018,Heineken 0.0,Heineken,Beer,8.97,3.32,Growth,861,1165,73.91,2895.76,85.47,59.39,63.73,67.41,53.79,62.64,71.86,48.19,53.27,78.34,44.44,8.50,81.90
2023-10-01,2023-10,BEER-1019,Heineken Silver,Heineken,Beer,8.97,3.75,Growth,853,1165,73.22,2897.89,85.53,57.34,63.99,66.85,53.03,63.74,72.26,47.35,52.76,78.80,38.46,8.50,86.95
2023-10-01,2023-10,BEER-1020,Stella Artois Original,Stella Artois,Beer,8.97,3.32,Growth,840,1165,72.10,2846.07,84.00,57.68,62.95,67.69,48.11,63.74,72.26,47.08,52.76,72.81,39.32,8.50,79.32
2023-10-01,2023-10,BEER-1023,Stella Artois Unfiltered,Stella Artois,Beer,8.97,4.11,Growth,829,1165,71.16,2794.13,82.47,56.31,61.92,69.36,48.48,52.75,69.86,46.52,51.26,74.65,41.03,8.50,86.90
2023-10-01,2023-10,BEER-1024,Blue Moon Belgian White,Blue Moon,Beer,8.97,6.37,Growth,978,1165,83.95,3148.86,92.94,68.26,73.06,74.93,60.98,72.53,83.03,56.27,59.30,82.95,52.99,2.00,88.10
2023-10-01,2023-10,BEER-1025,Blue Moon Light Sky,Blue Moon,Beer,8.97,2.00,Launch,379,1165,32.53,1381.23,40.77,23.21,29.27,31.48,21.21,31.87,32.14,18.38,24.62,35.94,21.37,8.50,81.46
2023-10-01,2023-10,BEER-1026,Blue Moon Mango Wheat,Blue Moon,Beer,8.97,2.33,Launch,394,1165,33.82,1404.74,41.46,23.89,29.27,31.75,24.24,36.26,33.33,23.12,21.61,34.10,23.08,8.50,77.28
2023-10-01,2023-10,BEER-1027,Blue Moon Seasonal,Blue Moon,Beer,8.97,0.72,Launch,180,1165,15.45,652.77,19.27,11.60,13.73,15.60,10.61,9.89,15.97,7.80,11.56,18.89,6.84,8.50,83.34
2023-10-01,2023-10,BEER-1028,Sam Adams Boston Lager,Sam Adams,Beer,8.97,1.48,Launch,405,1165,34.76,1475.52,43.55,26.62,31.61,32.03,25.00,26.37,35.53,21.73,19.60,37.33,24.79,8.50,94.17
2023-10-01,2023-10,BEER-1029,Sam Adams Light,Sam Adams,Beer,8.97,3.61,Growth,846,1165,72.62,2869.56,84.70,57.34,60.36,67.97,52.65,68.13,72.65,47.35,49.75,77.42,38.46,8.50,76.33
2023-10-01,2023-10,BEER-1030,Sam Adams Seasonal,Sam Adams,Beer,8.97,1.54,Launch,401,1165,34.42,1442.26,42.57,22.53,32.64,34.82,22.35,27.47,33.13,22.28,23.62,41.01,16.24,8.50,90.55
2023-10-01,2023-10,BEER-1031,Sam Adams IPA,Sam Adams,Beer,8.97,4.17,Growth,854,1165,73.30,2869.18,84.69,58.70,64.77,63.79,53.79,67.03,72.85,49.03,51.26,76.04,39.32,8.50,81.09
2023-10-01,2023-10,BEER-1032,Guinness Draught,Guinness,Beer,8.97,8.34,Growth,954,1165,81.89,3098.20,91.45,67.58,70.73,73.82,58.33,70.33,80.04,53.76,57.29,86.18,50.43,2.00,75.09
2023-10-01,2023-10,BEER-1033,Guinness Extra Stout,Guinness,Beer,8.97,7.46,Growth,955,1165,81.97,3092.91,91.29,64.85,70.73,73.82,60.61,73.63,80.44,56.82,60.30,80.18,46.15,2.00,93.72
2023-10-01,2023-10,BEER-1034,Guinness Blonde,Guinness,Beer,8.97,1.35,Launch,390,1165,33.48,1387.23,40.95,24.23,29.79,33.70,23.11,24.18,36.53,21.17,21.61,34.56,11.11,8.50,89.72
2023-10-01,2023-10,BEER-1036,Modelo Especial,Modelo,Beer,8.97,8.54,Growth,975,1165,83.69,3119.75,92.08,67.92,71.24,76.04,62.50,69.23,84.23,54.60,61.31,81.57,49.57,2.00,77.12
2023-10-01,2023-10,BEER-1037,Modelo Negra,Modelo,Beer,8.97,4.30,Growth,823,1165,70.64,2834.22,83.65,55.63,58.55,65.18,52.65,67.03,68.86,47.08,50.25,75.12,39.32,8.50,76.95
2023-10-01,2023-10,BEER-1038,Modelo Chelada,Modelo,Beer,8.97,8.97,Growth,966,1165,82.92,3125.34,92.25,70.31,69.95,74.37,59.09,73.63,82.44,53.76,60.80,84.33,47.86,2.00,85.32
2023-10-01,2023-10,BEER-1039,Modelo Light,Modelo,Beer,8.97,7.23,Growth,987,1165,84.72,3140.91,92.71,67.92,71.76,76.88,63.26,74.73,82.63,58.50,62.31,84.33,47.86,2.00,79.31
2023-10-01,2023-10,BEER-1040,Dos Equis Lager,Dos Equis,Beer,8.97,0.49,Launch,207,1165,17.77,735.06,21.70,10.58,14.77,20.06,13.26,13.19,19.56,10.58,9.05,18.89,10.26,8.50,92.29
2023-10-01,2023-10,BEER-1041,Dos Equis Amber,Dos Equis,Beer,8.97,4.27,Growth,811,1165,69.61,2802.55,82.72,56.66,58.03,66.30,49.24,58.24,68.66,44.85,50.25,72.81,41.03,8.50,90.17
2023-10-01,2023-10,BEER-1042,Dos Equis Lime & Salt,Dos Equis,Beer,8.97,8.61,Growth,969,1165,83.18,3114.33,91.92,68.94,72.02,74.09,60.98,68.13,83.43,52.92,59.30,86.18,47.86,2.00,86.42
2023-10-01,2023-10,BEER-1044,Yuengling Traditional Lager,Yuengling,Beer,8.97,1.64,Launch,410,1165,35.19,1409.98,41.62,23.21,33.16,34.26,24.62,28.57,33.73,22.01,28.14,35.94,23.93,8.50,75.53
2023-10-01,2023-10,BEER-1045,Yuengling Light,Yuengling,Beer,8.97,0.07,Launch,197,1165,16.91,690.42,20.38,14.68,13.21,15.60,12.88,14.29,15.77,11.98,9.55,19.82,11.11,8.50,87.31
2023-10-01,2023-10,BEER-1047,Yuengling Flight,Yuengling,Beer,8.97,3.88,Growth,865,1165,74.25,2894.28,85.43,61.09,64.77,67.13,50.00,69.23,71.86,48.19,55.28,78.80,43.59,8.50,83.69
2023-10-01,2023-10,BEER-1048,New Belgium Fat Tire,New Belgium,Beer,8.97,8.74,Growth,990,1165,84.98,3161.52,93.31,71.33,70.98,77.72,62.12,70.33,84.03,54.60,59.30,88.94,52.99,2.00,86.07
2023-10-01,2023-10,BEER-1049,New Belgium Voodoo Ranger IPA,New Belgium,Beer,8.97,4.99,Growth,852,1165,73.13,2885.12,85.16,57.68,64.51,66.30,51.52,65.93,74.25,46.52,50.25,75.12,42.74,8.50,78.57
2023-10-01,2023-10,BEER-1051,New Belgium 1554,New Belgium,Beer,8.97,3.61,Growth,848,1165,72.79,2854.15,84.24,58.70,61.92,66.30,53.41,63.74,72.46,47.63,51.76,79.26,33.33,8.50,79.50
2023-10-01,2023-10,BEER-1052,Sierra Nevada Pale Ale,Sierra Nevada,Beer,8.97,6.04,Growth,967,1165,83.00,3113.50,91.90,66.89,73.06,73.54,60.23,72.53,81.44,55.71,61.31,84.33,46.15,2.00,75.97
2023-10-01,2023-10,BEER-1053,Sierra Nevada Torpedo IPA,Sierra Nevada,Beer,8.97,4.53,Growth,840,1165,72.10,2824.45,83.37,57.34,62.95,68.80,48.48,59.34,69.66,48.47,53.27,77.42,36.75,8.50,85.17
2023-10-01,2023-10,BEER-1054,Sierra Nevada Hazy Little Thing,Sierra Nevada,Beer,8.97,2.89,Launch,362,1165,31.07,1290.89,38.10,23.89,27.20,28.69,21.59,29.67,32.14,21.17,19.10,30.88,17.09,8.50,92.07
2023-10-01,2023-10,BEER-1056,Lagunitas IPA,Lagunitas,Beer,8.97,3.15,Growth,826,1165,70.90,2815.11,83.09,58.70,59.59,66.30,48.86,62.64,70.86,45.40,51.76,76.50,33.33,8.50,82.66
2023-10-01,2023-10,BEER-1057,Lagunitas Little Sumpin',Lagunitas,Beer,8.97,8.08,Growth,977,1165,83.86,3153.29,93.07,69.97,73.32,74.65,59.85,69.23,79.84,57.38,62.31,87.10,49.57,2.00,77.73
2023-10-01,2023-10,BEER-1058,Lagunitas Censored,Lagunitas,Beer,8.97,1.77,Launch,390,1165,33.48,1334.97,39.40,27.30,30.31,30.92,21.59,27.47,34.93,18.94,25.63,34.56,17.95,8.50,77.19
2023-10-01,2023-10,BEER-1060,60 Minute IPA,Dogfish Head,Beer,8.97,7.65,Growth,974,1165,83.61,3091.57,91.25,70.31,71.50,76.04,57.58,73.63,82.63,55.15,57.79,84.79,53.85,2.00,92.11
2023-10-01,2023-10,BEER-1061,IPA,Stone,Beer,8.97,1.51,Launch,407,1165,34.94,1471.12,43.42,33.11,28.76,31.20,22.35,30.77,34.33,20.33,26.13,41.01,17.95,8.50,76.58
2023-10-01,2023-10,BEER-1062,All Day IPA,Founders,Beer,8.97,2.69,Launch,415,1165,35.62,1477.23,43.60,27.30,30.57,35.38,25.38,25.27,36.13,23.96,25.13,36.87,15.38,8.50,84.13
2023-10-01,2023-10,BEER-1063,Two Hearted IPA,Bell's,Beer,8.97,4.24,Growth,861,1165,73.91,2901.48,85.64,57.68,64.51,68.52,54.17,59.34,75.65,45.96,52.26,78.34,36.75,8.50,77.70
2023-10-01,2023-10,BEER-1064,Black Butte Porter,Deschutes,Beer,8.97,2.40,Launch,376,1165,32.27,1348.89,39.81,24.91,29.02,29.81,21.59,29.67,31.34,22.01,21.61,36.87,14.53,8.50,81.06
2023-10-01,2023-10,BEER-1065,Steam Beer,Anchor,Beer,8.97,2.04,Launch,401,1165,34.42,1526.27,45.05,25.26,32.90,31.48,24.62,24.18,33.53,23.40,27.64,34.56,16.24,8.50,94.02
2023-10-01,2023-10,BEER-1066,Lager,Brooklyn,Beer,8.97,1.77,Launch,386,1165,33.13,1435.69,42.38,22.87,27.72,33.15,23.11,35.16,33.73,21.17,22.61,38.25,11.11,8.50,92.79
2023-10-01,2023-10,BEER-1067,312 Urban Wheat,Goose Island,Beer,8.97,1.12,Launch,407,1165,34.94,1444.45,42.63,28.33,32.12,31.48,22.35,30.77,35.53,21.45,24.62,39.17,15.38,8.50,80.57
2023-10-01,2023-10,BEER-1068,Belgian White,Shock Top,Beer,8.97,7.49,Growth,955,1165,81.97,3104.69,91.64,67.58,68.65,74.93,59.47,72.53,80.64,54.04,58.79,85.25,47.01,2.00,87.48
2023-10-01,2023-10,BEER-1069,Pure Gold,Michelob Ultra,Beer,8.97,7.85,Growth,962,1165,82.58,3129.58,92.37,68.60,67.88,75.77,62.12,69.23,80.84,56.27,60.80,81.11,49.57,2.00,85.22
2023-10-01,2023-10,BEER-1070,Blue Ribbon,Pabst,Beer,8.97,0.69,Launch,187,1165,16.05,701.10,20.69,13.31,15.03,14.48,9.47,14.29,13.97,12.81,10.55,19.35,6.84,8.50,82.43
2023-10-01,2023-10,BEER-1071,Original,Tecate,Beer,8.97,6.31,Growth,968,1165,83.09,3123.95,92.21,68.94,69.69,75.49,60.98,71.43,81.64,54.60,61.81,85.25,47.01,2.00,80.96
2023-10-01,2023-10,BEER-1072,Clara,Pacifico,Beer,8.97,0.59,Launch,204,1165,17.51,710.50,20.97,14.33,14.77,17.27,11.36,14.29,15.97,10.58,13.57,21.20,11.11,8.50,86.51
2023-10-01,2023-10,BEER-1073,Munich Dunkel,Negra Modelo,Beer,8.97,2.53,Launch,403,1165,34.59,1428.56,42.16,26.28,29.53,36.21,20.08,31.87,28.34,23.68,26.63,44.24,23.08,8.50,76.73
2023-10-01,2023-10,SELT-1075,White Claw Mango,White Claw,Hard Seltzer,8.97,2.76,Rapid_Growth,134,1165,11.50,509.31,15.03,12.63,11.40,6.69,9.47,4.40,9.98,5.57,4.02,24.88,1.71,3.00,30.57
2023-10-01,2023-10,SELT-1078,White Claw Watermelon,White Claw,Hard Seltzer,8.97,2.92,Rapid_Growth,132,1165,11.33,495.13,14.61,12.63,8.03,5.57,12.12,13.19,9.78,4.18,7.54,24.42,0.00,3.00,22.35
2023-10-01,2023-10,SELT-1081,Truly Colima Lime,Truly,Hard Seltzer,8.97,0.95,Launch,37,1165,3.18,145.83,4.30,5.46,1.55,2.51,1.89,1.10,3.19,1.39,1.01,5.53,1.71,3.00,25.02
2023-10-01,2023-10,SELT-1087,Bud Light Seltzer Strawberry,Bud Light Seltzer,Hard Seltzer,8.97,1.02,Launch,43,1165,3.69,162.77,4.80,4.44,4.40,1.67,1.89,2.20,4.79,1.11,2.01,5.07,0.00,3.00,23.80
2023-10-01,2023-10,SELT-1098,Vizzy Blueberry Pomegranate,Vizzy,Hard Seltzer,8.97,2.33,Rapid_Growth,108,1165,9.27,398.46,11.76,9.22,6.22,5.29,12.50,5.49,9.38,2.23,6.03,18.43,0.85,3.00,15.78
2023-10-01,2023-10,SELT-1100,Bon & Viv Black Cherry,Bon & Viv,Hard Seltzer,8.97,0.36,Launch,33,1165,2.83,140.11,4.14,2.39,2.33,2.51,2.65,1.10,2.00,0.84,1.01,8.29,0.00,3.00,25.96
2023-10-01,2023-10,SELT-1102,Bon & Viv Clementine Hibiscus,Bon & Viv,Hard Seltzer,8.97,0.30,Launch,25,1165,2.15,89.10,2.63,2.39,2.33,1.39,1.14,1.10,3.39,0.00,0.50,3.23,0.00,3.00,26.73
2023-10-01,2023-10,SELT-1103,"Smirnoff Seltzer Red, White & Berry",Smirnoff Seltzer,Hard Seltzer,8.97,0.53,Launch,24,1165,2.06,102.36,3.02,1.02,2.59,1.11,2.27,1.10,1.00,1.11,1.01,5.07,1.71,3.00,20.45
2023-10-01,2023-10,SELT-1105,Smirnoff Seltzer Orange Mango,Smirnoff Seltzer,Hard Seltzer,8.97,3.06,Rapid_Growth,140,1165,12.02,541.46,15.98,10.58,11.14,8.64,9.47,10.99,9.98,4.74,8.04,24.88,2.56,3.00,24.40
2023-10-01,2023-10,SELT-1106,Smirnoff Seltzer Cranberry Lime,Smirnoff Seltzer,Hard Seltzer,8.97,1.41,Launch,40,1165,3.43,152.69,4.51,3.75,2.85,1.39,4.17,2.20,3.79,2.23,2.51,3.69,0.00,3.00,17.77
2023-10-01,2023-10,SELT-1110,High Noon Black Cherry,High Noon,Hard Seltzer,8.97,1.97,Launch,54,1165,4.64,192.38,5.68,5.12,4.92,2.79,2.65,3.30,3.79,1.95,3.02,10.14,0.00,3.00,24.54
2023-10-01,2023-10,SELT-1113,Topo Chico Exotic Pineapple,Topo Chico,Hard Seltzer,8.97,0.72,Launch,18,1165,1.55,79.35,2.34,1.37,1.55,0.28,2.65,0.00,1.80,0.56,0.50,2.76,0.00,3.00,19.09
2023-11-01,2023-11,BEER-1000,Budweiser Original,Budweiser,Beer,9.99,4.34,Growth,846,1165,72.62,2869.49,84.69,56.66,65.03,68.25,47.73,63.74,71.26,46.80,54.27,73.73,45.30,8.50,75.86
2023-11-01,2023-11,BEER-1001,Budweiser Light,Budweiser,Beer,9.99,5.39,Growth,857,1165,73.56,2858.15,84.36,60.41,64.77,67.69,49.24,62.64,71.66,48.19,52.26,76.04,47.86,8.50,91.30
2023-11-01,2023-11,BEER-1002,Budweiser Select,Budweiser,Beer,9.99,2.07,Launch,400,1165,34.33,1456.43,42.99,29.69,27.72,33.15,23.86,26.37,33.53,22.56,24.12,37.33,18.80,8.50,83.25
2023-11-01,2023-11,BEER-1003,Budweiser Zero,Budweiser,Beer,9.99,2.79,Launch,370,1165,31.76,1367.02,40.35,26.62,30.57,27.58,18.94,27.47,29.94,21.17,21.61,36.41,18.80,8.50,90.83
2023-11-01,2023-11,BEER-1004,Coors Original,Coors,Beer,9.99,5.88,Growth,828,1165,71.07,2845.20,83.98,57.34,61.92,66.30,48.11,61.54,70.06,46.24,51.26,77.88,34.19,8.50,78.67
2023-11-01,2023-11,BEER-1005,Coors Light,Coors,Beer,9.99,8.11,Growth,975,1165,83.69,3132.61,92.46,67.92,71.50,76.88,59.09,74.73,82.83,55.99,54.27,87.56,52.14,2.00,78.41
2023-11-01,2023-11,BEER-1006,Coors Banquet,Coors,Beer,9.99,5.16,Growth,835,1165,71.67,2835.22,83.68,60.41,61.92,66.57,45.08,67.03,72.65,43.18,53.77,72.81,43.59,8.50,76.66
2023-11-01,2023-11,BEER-1009,Miller Lite,Miller,Beer,9.99,9.99,Growth,963,1165,82.66,3084.44,91.04,67.58,72.02,73.82,60.98,67.03,79.64,55.99,56.78,89.40,47.86,2.00,78.92
2023-11-01,2023-11,BEER-1011,Miller 64,Miller,Beer,9.99,3.78,Growth,859,1165,73.73,2863.32,84.51,57.68,62.44,71.03,51.14,64.84,73.05,49.30,52.26,75.12,41.88,8.50,79.43
2023-11-01,2023-11,BEER-1012,Corona Extra,Corona,Beer,9.99,3.75,Growth,828,1165,71.07,2834.38,83.66,62.46,60.36,62.95,49.24,61.54,69.66,46.52,54.77,71.89,40.17,8.50,88.02
2023-11-01,2023-11,BEER-1014,Corona Premier,Corona,Beer,9.99,6.18,Growth,979,1165,84.03,3136.57,92.58,66.21,72.54,76.32,62.50,72.53,83.23,55.43,62.31,82.49,51.28,2.00,91.23
2023-11-01,2023-11,BEER-1015,Corona Familiar,Corona,Beer,9.99,5.62,Growth,847,1165,72.70,2880.37,85.02,57.34,63.21,67.13,51.52,63.74,74.85,46.24,52.26,72.35,38.46,8.50,88.33
2023-11-01,2023-11,BEER-1016,Heineken Original,Heineken,Beer,9.99,8.11,Growth,977,1165,83.86,3127.59,92.31,67.24,69.17,77.99,61.36,78.02,83.63,54.60,58.79,84.33,52.99,2.00,89.77
2023-11-01,2023-11,BEER-1017,Heineken Light,Heineken,Beer,9.99,8.57,Growth,969,1165,83.18,3122.81,92.17,67.58,69.69,76.32,60.23,75.82,82.24,56.27,60.30,82.49,47.86,2.00,78.54
2023-11-01,2023-11,BEER-1018,Heineken 0.0,Heineken,Beer,9.99,4.34,Growth,863,1165,74.08,2887.05,85.21,59.73,64.25,69.64,50.00,63.74,72.26,48.75,53.27,79.26,41.03,8.50,93.34
2023-11-01,2023-11,BEER-1019,Heineken Silver,Heineken,Beer,9.99,4.76,Growth,875,1165,75.11,2890.29,85.31,61.43,66.32,69.08,51.52,60.44,75.05,49.86,49.75,80.65,39.32,8.50,79.97
2023-11-01,2023-11,BEER-1020,Stella Artois Original,Stella Artois,Beer,9.99,4.34,Growth,816,1165,70.04,2785.59,82.22,54.27,60.62,67.13,49.24,57.14,70.86,45.96,47.74,74.19,34.19,8.50,89.86
2023-11-01,2023-11,BEER-1022,Stella Artois Cidre,Stella Artois,Beer,9.99,0.07,Launch,182,1165,15.62,617.48,18.23,14.33,13.99,13.09,9.47,15.38,16.17,9.19,10.55,18.43,5.98,8.50,89.29
2023-11-01,2023-11,BEER-1023,Stella Artois Unfiltered,Stella Artois,Beer,9.99,5.12,Growth,848,1165,72.79,2845.28,83.98,57.68,59.59,71.31,50.76,64.84,76.05,45.96,50.25,74.65,34.19,8.50,84.65
2023-11-01,2023-11,BEER-1024,Blue Moon Belgian White,Blue Moon,Beer,9.99,7.39,Growth,967,1165,83.00,3094.86,91.35,67.92,70.73,75.77,60.23,70.33,82.24,56.82,60.80,80.65,47.01,2.00,80.94
2023-11-01,2023-11,BEER-1025,Blue Moon Light Sky,Blue Moon,Beer,9.99,3.02,Growth,825,1165,70.82,2794.28,82.47,57.34,62.69,64.90,48.48,59.34,71.06,44.85,51.76,73.73,38.46,8.50,94.80
2023-11-01,2023-11,BEER-1026,Blue Moon Mango Wheat,Blue Moon,Beer,9.99,3.35,Growth,849,1165,72.88,2887.55,85.23,60.75,60.88,69.08,50.76,59.34,70.86,49.03,52.76,75.12,42.74,8.50,88.86
2023-11-01,2023-11,BEER-1027,Blue Moon Seasonal,Blue Moon,Beer,9.99,1.74,Launch,406,1165,34.85,1503.50,44.38,28.67,29.27,31.48,24.24,35.16,32.53,21.17,26.13,43.78,17.09,8.50,80.96
2023-11-01,2023-11,BEER-1028,Sam Adams Boston Lager,Sam Adams,Beer,9.99,2.50,Launch,379,1165,32.53,1317.59,38.89,26.62,29.79,31.75,20.45,19.78,32.93,20.33,24.62,34.56,14.53,8.50,81.26
2023-11-01,2023-11,BEER-1029,Sam Adams Light,Sam Adams,Beer,9.99,4.63,Growth,840,1165,72.10,2860.28,84.42,58.70,59.07,68.52,50.76,65.93,71.86,44.57,53.27,76.04,41.88,8.50,89.54
2023-11-01,2023-11,BEER-1030,Sam Adams Seasonal,Sam Adams,Beer,9.99,2.56,Launch,358,1165,30.73,1265.53,37.35,27.65,27.98,28.41,16.29,26.37,32.93,19.50,20.60,30.41,13.68,8.50,91.41
2023-11-01,2023-11,BEER-1031,Sam Adams IPA,Sam Adams,Beer,9.99,5.19,Growth,813,1165,69.79,2804.16,82.77,57.34,61.66,65.74,43.94,60.44,67.07,44.85,49.25,76.50,44.44,8.50,85.08
2023-11-01,2023-11,BEER-1032,Guinness Draught,Guinness,Beer,9.99,9.36,Growth,971,1165,83.35,3123.85,92.20,68.94,70.98,74.65,59.47,76.92,83.63,53.76,59.80,85.25,47.01,2.00,84.76
2023-11-01,2023-11,BEER-1033,Guinness Extra Stout,Guinness,Beer,9.99,8.48,Growth,967,1165,83.00,3096.03,91.38,64.51,70.21,75.77,62.12,78.02,80.64,56.27,60.80,84.79,47.86,2.00,94.88
2023-11-01,2023-11,BEER-1034,Guinness Blonde,Guinness,Beer,9.99,2.37,Launch,412,1165,35.36,1486.89,43.89,29.35,30.05,33.70,25.38,24.18,32.14,25.07,27.64,39.63,17.09,8.50,90.96
2023-11-01,2023-11,BEER-1035,Guinness 0.0,Guinness,Beer,9.99,0.00,Launch,195,1165,16.74,692.48,20.44,12.63,16.32,14.76,10.98,14.29,16.57,10.86,13.07,17.51,7.69,8.50,93.00
2023-11-01,2023-11,BEER-1036,Modelo Especial,Modelo,Beer,9.99,9.56,Growth,967,1165,83.00,3097.57,91.43,63.82,72.80,76.04,60.98,71.43,80.24,55.15,60.30,84.79,53.85,2.00,77.82
2023-11-01,2023-11,BEER-1037,Modelo Negra,Modelo,Beer,9.99,5.32,Growth,851,1165,73.05,2871.63,84.76,59.04,63.99,67.41,48.86,65.93,74.85,46.80,49.25,74.19,41.88,8.50,87.28
2023-11-01,2023-11,BEER-1038,Modelo Chelada,Modelo,Beer,9.99,9.99,Growth,972,1165,83.43,3133.45,92.49,68.26,72.28,75.21,59.09,73.63,83.83,54.04,57.79,86.18,47.86,2.00,88.40
2023-11-01,2023-11,BEER-1039,Modelo Light,Modelo,Beer,9.99,8.25,Growth,982,1165,84.29,3154.99,93.12,66.89,73.32,75.49,60.98,78.02,82.04,55.71,61.81,86.64,51.28,2.00,77.18
2023-11-01,2023-11,BEER-1040,Dos Equis Lager,Dos Equis,Beer,9.99,1.51,Launch,372,1165,31.93,1293.07,38.17,24.23,25.91,31.75,23.48,27.47,32.93,21.45,22.11,28.11,21.37,8.50,86.23
2023-11-01,2023-11,BEER-1041,Dos Equis Amber,Dos Equis,Beer,9.99,5.29,Growth,835,1165,71.67,2873.15,84.80,57.68,60.10,68.25,50.00,62.64,70.26,45.68,55.28,76.50,36.75,8.50,80.31
2023-11-01,2023-11,BEER-1042,Dos Equis Lime & Salt,Dos Equis,Beer,9.99,9.63,Growth,964,1165,82.75,3104.51,91.63,65.53,72.54,74.09,61.74,69.23,82.24,56.55,58.79,82.03,46.15,2.00,82.63
2023-11-01,2023-11,BEER-1044,Yuengling Traditional Lager,Yuengling,Beer,9.99,2.66,Launch,389,1165,33.39,1391.41,41.07,29.35,28.76,30.08,20.83,31.87,34.13,20.61,18.59,39.63,17.95,8.50,88.57
2023-11-01,2023-11,BEER-1045,Yuengling Light,Yuengling,Beer,9.99,1.08,Launch,414,1165,35.54,1476.40,43.58,26.96,30.57,30.08,28.03,38.46,34.93,22.28,24.62,41.47,17.09,8.50,84.88
2023-11-01,2023-11,BEER-1047,Yuengling Flight,Yuengling,Beer,9.99,4.89,Growth,822,1165,70.56,2836.91,83.73,56.31,63.21,67.41,46.97,51.65,68.66,47.91,49.75,74.65,38.46,8.50,94.56
2023-11-01,2023-11,BEER-1048,New Belgium Fat Tire,New Belgium,Beer,9.99,9.76,Growth,955,1165,81.97,3118.85,92.05,68.26,70.21,72.42,60.61,70.33,80.24,56.55,58.79,81.11,48.72,2.00,90.79
2023-11-01,2023-11,BEER-1049,New Belgium Voodoo Ranger IPA,New Belgium,Beer,9.99,6.01,Growth,963,1165,82.66,3114.63,91.93,66.21,70.47,74.93,60.98,73.63,81.84,52.65,60.80,82.95,53.85,2.00,89.42
2023-11-01,2023-11,BEER-1051,New Belgium 1554,New Belgium,Beer,9.99,4.63,Growth,864,1165,74.16,2919.61,86.17,62.80,61.66,68.25,54.17,59.34,74.65,45.40,54.27,78.34,41.88,8.50,90.99
2023-11-01,2023-11,BEER-1052,Sierra Nevada Pale Ale,Sierra Nevada,Beer,9.99,7.06,Growth,965,1165,82.83,3111.40,91.84,66.21,72.80,73.54,60.61,72.53,81.24,55.99,58.29,82.95,52.14,2.00,87.62
2023-11-01,2023-11,BEER-1053,Sierra Nevada Torpedo IPA,Sierra Nevada,Beer,9.99,5.55,Growth,828,1165,71.07,2849.34,84.10,55.63,58.81,67.97,52.27,61.54,71.66,47.91,46.73,72.35,40.17,8.50,77.85
2023-11-01,2023-11,BEER-1054,Sierra Nevada Hazy Little Thing,Sierra Nevada,Beer,9.99,3.91,Growth,827,1165,70.99,2825.93,83.41,57.68,63.21,65.18,49.24,54.95,68.26,48.47,49.75,76.04,40.17,8.50,91.58
2023-11-01,2023-11,BEER-1056,Lagunitas IPA,Lagunitas,Beer,9.99,4.17,Growth,852,1165,73.13,2889.32,85.28,60.75,61.40,69.08,48.86,65.93,72.65,46.80,54.27,76.96,38.46,8.50,86.62
2023-11-01,2023-11,BEER-1057,Lagunitas Little Sumpin',Lagunitas,Beer,9.99,9.10,Growth,966,1165,82.92,3107.17,91.71,68.60,70.47,75.49,59.09,72.53,83.43,55.43,56.78,83.87,46.15,2.00,88.01
2023-11-01,2023-11,BEER-1058,Lagunitas Censored,Lagunitas,Beer,9.99,2.79,Launch,385,1165,33.05,1389.14,41.00,26.28,28.24,29.53,28.03,20.88,33.53,18.38,27.14,36.41,15.38,8.50,91.38
2023-11-01,2023-11,BEER-1060,60 Minute IPA,Dogfish Head,Beer,9.99,8.67,Growth,955,1165,81.97,3100.44,91.51,68.26,71.76,71.03,60.23,70.33,81.44,53.20,59.30,82.95,49.57,2.00,78.65
2023-11-01,2023-11,BEER-1061,IPA,Stone,Beer,9.99,2.53,Launch,418,1165,35.88,1441.99,42.56,28.67,30.57,37.33,22.73,24.18,38.12,21.45,24.62,37.33,17.09,8.50,93.13
2023-11-01,2023-11,BEER-1062,All Day IPA,Founders,Beer,9.99,3.71,Growth,842,1165,72.27,2813.72,83.05,55.97,61.66,68.52,49.62,69.23,72.85,46.52,53.27,72.81,39.32,8.50,83.74
2023-11-01,2023-11,BEER-1063,Two Hearted IPA,Bell's,Beer,9.99,5.26,Growth,820,1165,70.39,2806.74,82.84,58.70,61.66,64.07,49.62,53.85,70.66,44.85,50.25,72.35,41.03,8.50,85.06
2023-11-01,2023-11,BEER-1064,Black Butte Porter,Deschutes,Beer,9.99,3.42,Growth,838,1165,71.93,2783.64,82.16,57.34,63.99,67.69,47.35,60.44,71.26,47.08,50.25,77.42,37.61,8.50,80.71
2023-11-01,2023-11,BEER-1065,Steam Beer,Anchor,Beer,9.99,3.06,Growth,850,1165,72.96,2828.52,83.49,61.43,63.21,68.80,46.21,62.64,73.65,46.80,46.73,76.04,47.01,8.50,77.30
2023-11-01,2023-11,BEER-1066,Lager,Brooklyn,Beer,9.99,2.79,Launch,415,1165,35.62,1460.43,43.11,30.03,31.35,32.59,25.00,25.27,36.13,22.56,25.13,35.02,23.08,8.50,77.73
2023-11-01,2023-11,BEER-1067,312 Urban Wheat,Goose Island,Beer,9.99,2.14,Launch,386,1165,33.13,1375.12,40.59,22.87,28.50,33.70,21.59,34.07,31.34,24.23,21.61,36.41,17.09,8.50,81.53
2023-11-01,2023-11,BEER-1068,Belgian White,Shock Top,Beer,9.99,8.51,Growth,973,1165,83.52,3119.47,92.07,69.97,72.02,74.09,60.23,71.43,84.63,54.60,58.29,83.41,47.86,2.00,79.64
2023-11-01,2023-11,BEER-1069,Pure Gold,Michelob Ultra,Beer,9.99,8.87,Growth,980,1165,84.12,3126.12,92.27,67.92,71.24,73.54,65.91,74.73,82.24,57.10,60.30,86.18,47.86,2.00,81.73
2023-11-01,2023-11,BEER-1070,Blue Ribbon,Pabst,Beer,9.99,1.71,Launch,377,1165,32.36,1337.47,39.48,29.35,29.53,26.74,20.83,28.57,32.14,24.51,17.59,32.26,19.66,8.50,93.30
2023-11-01,2023-11,BEER-1071,Original,Tecate,Beer,9.99,7.33,Growth,986,1165,84.64,3159.23,93.25,67.58,73.32,76.60,61.74,73.63,81.64,56.82,61.31,85.71,55.56,2.00,89.14
2023-11-01,2023-11,BEER-1072,Clara,Pacifico,Beer,9.99,1.61,Launch,408,1165,35.02,1467.03,43.30,26.96,27.46,34.54,25.76,34.07,33.93,20.89,29.15,35.48,23.93,8.50,84.84
2023-11-01,2023-11,BEER-1073,Munich Dunkel,Negra Modelo,Beer,9.99,3.55,Growth,867,1165,74.42,2907.16,85.81,60.41,63.99,71.03,52.27,54.95,74.05,49.86,54.27,72.35,44.44,8.50,94.27
2023-11-01,2023-11,SELT-1075,White Claw Mango,White Claw,Hard Seltzer,9.99,3.78,Rapid_Growth,170,1165,14.59,667.97,19.72,13.99,13.47,6.41,15.91,13.19,12.97,5.57,5.03,33.18,2.56,3.00,21.47
2023-11-01,2023-11,SELT-1078,White Claw Watermelon,White Claw,Hard Seltzer,9.99,3.94,Rapid_Growth,202,1165,17.34,798.59,23.57,16.04,14.51,12.81,17.80,6.59,16.57,3.90,9.05,37.79,4.27,3.00,37.56
2023-11-01,2023-11,SELT-1079,White Claw Tangerine,White Claw,Hard Seltzer,9.99,0.20,Launch,39,1165,3.35,137.13,4.05,3.75,2.07,1.67,4.55,2.20,3.19,1.11,3.52,5.07,0.85,3.00,28.05
2023-11-01,2023-11,SELT-1081,Truly Colima Lime,Truly,Hard Seltzer,9.99,1.97,Launch,50,1165,4.29,193.92,5.72,3.75,3.63,1.67,6.06,3.30,3.79,1.95,3.02,7.37,1.71,3.00,25.25
2023-11-01,2023-11,SELT-1087,Bud Light Seltzer Strawberry,Bud Light Seltzer,Hard Seltzer,9.99,2.04,Rapid_Growth,136,1165,11.67,538.28,15.89,11.95,9.59,7.80,10.23,9.89,9.98,5.29,6.53,24.88,0.00,3.00,24.11
2023-11-01,2023-11,SELT-1090,Bud Light Seltzer Pineapple,Bud Light Seltzer,Hard Seltzer,9.99,0.66,Launch,25,1165,2.15,72.50,2.14,2.39,1.55,0.84,2.65,2.20,1.80,1.11,1.01,3.69,1.71,3.00,16.89
2023-11-01,2023-11,SELT-1091,Corona Hard Seltzer Tropical Lime,Corona Hard Seltzer,Hard Seltzer,9.99,0.85,Launch,30,1165,2.58,101.66,3.00,2.73,1.81,0.84,4.17,1.10,2.20,0.56,1.01,5.99,1.71,3.00,32.15
2023-11-01,2023-11,SELT-1098,Vizzy Blueberry Pomegranate,Vizzy,Hard Seltzer,9.99,3.35,Rapid_Growth,129,1165,11.07,524.71,15.49,12.63,10.62,6.41,8.71,5.49,8.98,3.06,5.03,28.11,1.71,3.00,26.96
2023-11-01,2023-11,SELT-1100,Bon & Viv Black Cherry,Bon & Viv,Hard Seltzer,9.99,1.38,Launch,64,1165,5.49,233.23,6.88,5.46,5.70,2.51,4.17,6.59,4.79,1.67,2.51,12.90,0.85,3.00,21.96
2023-11-01,2023-11,SELT-1102,Bon & Viv Clementine Hibiscus,Bon & Viv,Hard Seltzer,9.99,1.31,Launch,43,1165,3.69,175.74,5.19,4.44,2.85,1.95,3.41,3.30,4.39,0.28,2.01,6.91,0.85,3.00,24.04
2023-11-01,2023-11,SELT-1103,"Smirnoff Seltzer Red, White & Berry",Smirnoff Seltzer,Hard Seltzer,9.99,1.54,Launch,56,1165,4.81,217.65,6.42,4.44,3.11,2.79,4.92,8.79,3.79,1.39,2.01,11.98,1.71,3.00,28.27
2023-11-01,2023-11,SELT-1105,Smirnoff Seltzer Orange Mango,Smirnoff Seltzer,Hard Seltzer,9.99,4.07,Rapid_Growth,134,1165,11.50,557.24,16.45,9.56,8.55,6.96,13.26,14.29,8.98,3.62,8.04,24.88,5.13,3.00,29.89
2023-11-01,2023-11,SELT-1106,Smirnoff Seltzer Cranberry Lime,Smirnoff Seltzer,Hard Seltzer,9.99,2.43,Rapid_Growth,90,1165,7.73,325.88,9.62,6.83,5.96,4.18,9.47,7.69,8.18,3.06,3.02,14.75,0.00,3.00,25.39
2023-11-01,2023-11,SELT-1110,High Noon Black Cherry,High Noon,Hard Seltzer,9.99,2.99,Rapid_Growth,91,1165,7.81,379.43,11.20,8.19,6.74,3.62,7.58,8.79,7.39,3.62,2.51,16.13,0.85,3.00,17.41
2023-11-01,2023-11,SELT-1112,Topo Chico Tangy Lemon Lime,Topo Chico,Hard Seltzer,9.99,0.99,Launch,32,1165,2.75,121.25,3.58,1.71,3.11,2.51,1.89,1.10,2.00,1.39,3.02,4.61,0.85,3.00,19.97
2023-11-01,2023-11,SELT-1113,Topo Chico Exotic Pineapple,Topo Chico,Hard Seltzer,9.99,1.74,Launch,41,1165,3.52,155.15,4.58,4.78,1.55,3.62,3.03,0.00,3.39,2.23,0.00,6.91,0.85,3.00,26.64
2023-11-01,2023-11,SELT-1117,Michelob Ultra Spicy Pineapple,Michelob Ultra,Hard Seltzer,9.99,0.23,Launch,29,1165,2.49,108.53,3.20,3.07,1.81,1.39,2.27,2.20,1.80,1.11,1.01,5.53,1.71,3.00,20.73
2023-12-01,2023-12,BEER-1000,Budweiser Original,Budweiser,Beer,10.97,5.32,Growth,845,1165,72.53,2842.23,83.89,52.90,65.80,68.52,49.24,65.93,72.26,48.47,48.24,75.12,42.74,8.50,77.94
2023-12-01,2023-12,BEER-1001,Budweiser Light,Budweiser,Beer,10.97,6.37,Growth,965,1165,82.83,3107.03,91.71,66.21,72.54,76.04,58.71,69.23,81.24,54.04,60.80,85.25,49.57,2.00,76.57
2023-12-01,2023-12,BEER-1002,Budweiser Select,Budweiser,Beer,10.97,3.06,Growth,864,1165,74.16,2855.23,84.27,54.61,63.21,69.92,56.82,64.84,72.65,50.14,54.77,74.65,41.88,8.50,78.34
2023-12-01,2023-12,BEER-1003,Budweiser Zero,Budweiser,Beer,10.97,3.78,Growth,817,1165,70.13,2800.76,82.67,53.92,58.81,65.46,53.03,62.64,69.26,48.19,44.72,74.19,40.17,8.50,93.90
2023-12-01,2023-12,BEER-1004,Coors Original,Coors,Beer,10.97,6.87,Growth,982,1165,84.29,3134.62,92.52,69.97,73.06,76.04,60.98,67.03,83.23,56.82,59.30,87.10,46.15,2.00,83.49
2023-12-01,2023-12,BEER-1005,Coors Light,Coors,Beer,10.97,9.10,Growth,966,1165,82.92,3149.44,92.96,65.53,73.32,72.14,64.39,68.13,81.44,55.71,60.80,86.18,42.74,2.00,82.82
2023-12-01,2023-12,BEER-1006,Coors Banquet,Coors,Beer,10.97,6.14,Growth,973,1165,83.52,3087.80,91.14,67.92,70.47,75.21,62.50,73.63,82.63,55.99,59.30,83.41,50.43,2.00,87.92
2023-12-01,2023-12,BEER-1007,Coors Pure,Coors,Beer,10.97,0.59,Launch,197,1165,16.91,731.80,21.60,13.65,16.84,17.83,7.20,9.89,15.57,10.31,16.08,18.89,7.69,8.50,79.81
2023-12-01,2023-12,BEER-1009,Miller Lite,Miller,Beer,10.97,10.97,Growth,961,1165,82.49,3110.45,91.81,66.89,69.95,76.04,58.71,73.63,81.04,54.04,58.79,84.79,51.28,2.00,85.93
2023-12-01,2023-12,BEER-1011,Miller 64,Miller,Beer,10.97,4.76,Growth,850,1165,72.96,2873.69,84.82,59.39,59.84,69.36,52.65,62.64,73.85,46.24,49.75,76.04,42.74,8.50,82.90
2023-12-01,2023-12,BEER-1012,Corona Extra,Corona,Beer,10.97,4.73,Growth,864,1165,74.16,2869.70,84.70,62.12,62.95,67.97,49.62,70.33,75.85,49.03,50.25,75.58,37.61,8.50,86.47
2023-12-01,2023-12,BEER-1013,Corona Light,Corona,Beer,10.97,0.76,Launch,212,1165,18.20,681.70,20.12,13.31,15.03,14.21,17.80,18.68,19.16,10.58,10.55,21.66,8.55,8.50,88.87
2023-12-01,2023-12,BEER-1014,Corona Premier,Corona,Beer,10.97,7.16,Growth,949,1165,81.46,3067.90,90.55,63.14,72.54,74.65,60.23,62.64,83.03,54.04,54.27,83.87,41.88,2.00,78.54
2023-12-01,2023-12,BEER-1015,Corona Familiar,Corona,Beer,10.97,6.60,Growth,959,1165,82.32,3078.06,90.85,66.21,72.54,72.14,61.36,70.33,81.24,54.60,59.30,82.03,51.28,2.00,90.06
2023-12-01,2023-12,BEER-1016,Heineken Original,Heineken,Beer,10.97,9.10,Growth,964,1165,82.75,3079.11,90.88,67.58,72.54,75.21,56.06,74.73,83.03,54.60,55.78,84.33,49.57,2.00,94.64
2023-12-01,2023-12,BEER-1017,Heineken Light,Heineken,Beer,10.97,9.56,Growth,969,1165,83.18,3109.63,91.78,65.87,70.21,76.04,61.74,75.82,81.44,55.43,59.80,84.79,50.43,2.00,84.84
2023-12-01,2023-12,BEER-1018,Heineken 0.0,Heineken,Beer,10.97,5.32,Growth,835,1165,71.67,2811.68,82.99,58.36,62.18,64.90,50.38,63.74,70.86,46.80,50.75,73.73,43.59,8.50,75.24
2023-12-01,2023-12,BEER-1019,Heineken Silver,Heineken,Beer,10.97,5.75,Growth,833,1165,71.50,2829.57,83.52,51.19,63.73,66.57,51.52,68.13,71.66,45.13,49.75,76.04,41.03,8.50,94.77
2023-12-01,2023-12,BEER-1020,Stella Artois Original,Stella Artois,Beer,10.97,5.32,Growth,862,1165,73.99,2897.80,85.53,58.36,62.18,69.64,54.92,61.54,74.25,47.63,52.76,75.12,43.59,8.50,88.42
2023-12-01,2023-12,BEER-1021,Stella Artois Solstice Lager,Stella Artois,Beer,10.97,0.59,Launch,224,1165,19.23,802.61,23.69,13.31,17.62,19.22,11.74,18.68,21.16,9.47,16.08,19.82,7.69,8.50,90.24
2023-12-01,2023-12,BEER-1022,Stella Artois Cidre,Stella Artois,Beer,10.97,1.05,Launch,394,1165,33.82,1389.02,41.00,23.21,30.57,35.10,21.21,28.57,33.73,18.94,26.13,41.47,12.82,8.50,88.05
2023-12-01,2023-12,BEER-1023,Stella Artois Unfiltered,Stella Artois,Beer,10.97,6.11,Growth,971,1165,83.35,3134.75,92.52,68.26,72.80,74.09,60.23,71.43,83.83,52.65,60.30,86.18,47.01,2.00,79.91
2023-12-01,2023-12,BEER-1024,Blue Moon Belgian White,Blue Moon,Beer,10.97,8.38,Growth,981,1165,84.21,3132.01,92.44,69.28,70.73,75.77,65.15,67.03,82.04,57.94,62.81,86.18,42.74,2.00,77.85
2023-12-01,2023-12,BEER-1025,Blue Moon Light Sky,Blue Moon,Beer,10.97,4.01,Growth,848,1165,72.79,2856.12,84.30,55.63,60.62,70.47,51.89,67.03,73.05,46.24,51.26,76.50,41.03,8.50,80.03
2023-12-01,2023-12,BEER-1026,Blue Moon Mango Wheat,Blue Moon,Beer,10.97,4.34,Growth,842,1165,72.27,2836.00,83.71,57.00,63.21,65.18,51.52,67.03,71.06,47.91,51.76,75.12,41.03,8.50,91.79
2023-12-01,2023-12,BEER-1027,Blue Moon Seasonal,Blue Moon,Beer,10.97,2.73,Launch,385,1165,33.05,1402.62,41.40,30.03,26.94,30.92,21.21,28.57,33.33,19.50,25.63,36.87,14.53,8.50,78.47
2023-12-01,2023-12,BEER-1028,Sam Adams Boston Lager,Sam Adams,Beer,10.97,3.48,Growth,841,1165,72.19,2851.53,84.16,55.29,61.40,69.64,54.17,53.85,72.85,47.63,50.75,72.35,40.17,8.50,88.34
2023-12-01,2023-12,BEER-1029,Sam Adams Light,Sam Adams,Beer,10.97,5.62,Growth,822,1165,70.56,2810.22,82.95,54.27,60.88,66.57,51.52,58.24,71.46,44.85,48.24,75.12,37.61,8.50,81.51
2023-12-01,2023-12,BEER-1030,Sam Adams Seasonal,Sam Adams,Beer,10.97,3.55,Growth,850,1165,72.96,2861.97,84.47,58.70,65.03,68.25,47.73,61.54,73.05,49.30,47.74,75.58,41.03,8.50,77.44
2023-12-01,2023-12,BEER-1031,Sam Adams IPA,Sam Adams,Beer,10.97,6.18,Growth,967,1165,83.00,3099.29,91.48,71.33,70.47,74.65,57.58,72.53,83.03,55.15,59.80,83.41,45.30,2.00,93.91
2023-12-01,2023-12,BEER-1032,Guinness Draught,Guinness,Beer,10.97,10.35,Growth,951,1165,81.63,3102.20,91.56,66.21,68.39,74.65,59.85,73.63,81.64,54.04,56.28,81.57,50.43,2.00,77.71
2023-12-01,2023-12,BEER-1033,Guinness Extra Stout,Guinness,Beer,10.97,9.46,Growth,944,1165,81.03,3094.79,91.34,63.14,70.73,72.70,59.85,73.63,79.64,53.20,58.79,83.87,47.01,2.00,83.05
2023-12-01,2023-12,BEER-1034,Guinness Blonde,Guinness,Beer,10.97,3.35,Growth,822,1165,70.56,2790.81,82.37,52.22,65.28,66.57,48.11,56.04,71.06,45.68,50.75,71.43,39.32,8.50,82.59
2023-12-01,2023-12,BEER-1035,Guinness 0.0,Guinness,Beer,10.97,0.99,Launch,193,1165,16.57,677.10,19.98,15.02,12.44,16.16,11.36,14.29,15.77,12.53,13.07,16.13,6.84,8.50,77.30
2023-12-01,2023-12,BEER-1036,Modelo Especial,Modelo,Beer,10.97,10.55,Growth,967,1165,83.00,3107.05,91.71,65.19,70.73,75.21,61.74,76.92,82.24,54.87,59.30,83.87,49.57,2.00,78.61
2023-12-01,2023-12,BEER-1037,Modelo Negra,Modelo,Beer,10.97,6.31,Growth,965,1165,82.83,3087.82,91.14,66.55,72.54,76.04,56.82,73.63,82.83,57.38,60.30,79.26,44.44,2.00,81.38
2023-12-01,2023-12,BEER-1038,Modelo Chelada,Modelo,Beer,10.97,10.97,Growth,969,1165,83.18,3110.02,91.79,68.26,68.91,73.82,64.39,74.73,80.64,56.82,59.30,83.87,52.14,2.00,80.07
2023-12-01,2023-12,BEER-1039,Modelo Light,Modelo,Beer,10.97,9.23,Growth,988,1165,84.81,3167.87,93.50,70.31,71.24,77.16,61.74,73.63,84.43,57.38,63.32,84.33,42.74,2.00,80.30
2023-12-01,2023-12,BEER-1040,Dos Equis Lager,Dos Equis,Beer,10.97,2.50,Launch,390,1165,33.48,1400.51,41.34,26.28,30.83,30.36,21.59,30.77,33.93,22.01,19.10,36.87,19.66,8.50,92.33
2023-12-01,2023-12,BEER-1041,Dos Equis Amber,Dos Equis,Beer,10.97,6.27,Growth,973,1165,83.52,3127.74,92.32,70.31,69.69,74.37,63.64,69.23,82.24,57.38,57.79,82.95,51.28,2.00,93.43
2023-12-01,2023-12,BEER-1042,Dos Equis Lime & Salt,Dos Equis,Beer,10.97,10.61,Growth,969,1165,83.18,3122.95,92.18,67.92,70.47,76.32,60.23,71.43,82.04,54.32,60.30,86.64,47.01,2.00,83.52
2023-12-01,2023-12,BEER-1043,Dos Equis Special Lager,Dos Equis,Beer,10.97,0.16,Launch,191,1165,16.39,644.36,19.02,10.58,15.54,15.60,12.50,12.09,16.57,11.70,8.04,17.51,10.26,8.50,91.80
2023-12-01,2023-12,BEER-1044,Yuengling Traditional Lager,Yuengling,Beer,10.97,3.65,Growth,836,1165,71.76,2834.86,83.67,60.75,59.84,65.46,52.65,58.24,69.26,46.52,51.76,77.88,42.74,8.50,82.07
2023-12-01,2023-12,BEER-1045,Yuengling Light,Yuengling,Beer,10.97,2.07,Launch,372,1165,31.93,1384.99,40.88,25.94,24.87,32.03,21.97,29.67,33.13,18.94,20.60,35.94,16.24,8.50,75.37
2023-12-01,2023-12,BEER-1047,Yuengling Flight,Yuengling,Beer,10.97,5.88,Growth,853,1165,73.22,2868.80,84.67,60.07,63.47,68.80,48.48,62.64,72.06,47.35,53.27,78.80,38.46,8.50,83.09
2023-12-01,2023-12,BEER-1048,New Belgium Fat Tire,New Belgium,Beer,10.97,10.74,Growth,975,1165,83.69,3139.59,92.67,64.51,72.28,77.44,62.12,71.43,81.64,56.82,62.31,82.49,50.43,2.00,76.03
2023-12-01,2023-12,BEER-1049,New Belgium Voodoo Ranger IPA,New Belgium,Beer,10.97,7.00,Growth,946,1165,81.20,3049.58,90.01,67.92,69.69,75.21,56.82,63.74,77.05,57.38,56.78,85.71,47.01,2.00,84.10
2023-12-01,2023-12,BEER-1051,New Belgium 1554,New Belgium,Beer,10.97,5.62,Growth,824,1165,70.73,2824.02,83.35,58.02,59.59,65.74,48.86,64.84,68.66,45.96,45.23,80.65,42.74,8.50,86.35
2023-12-01,2023-12,BEER-1052,Sierra Nevada Pale Ale,Sierra Nevada,Beer,10.97,8.05,Growth,944,1165,81.03,3086.42,91.10,64.85,70.21,73.82,57.95,71.43,80.04,52.09,58.79,85.25,46.15,2.00,89.36
2023-12-01,2023-12,BEER-1053,Sierra Nevada Torpedo IPA,Sierra Nevada,Beer,10.97,6.54,Growth,964,1165,82.75,3108.56,91.75,66.21,71.76,74.93,59.09,74.73,82.44,54.60,56.28,83.41,52.99,2.00,90.81
2023-12-01,2023-12,BEER-1054,Sierra Nevada Hazy Little Thing,Sierra Nevada,Beer,10.97,4.89,Growth,827,1165,70.99,2837.16,83.74,55.29,59.33,70.75,47.73,61.54,70.26,47.63,50.75,71.89,40.17,8.50,75.77
2023-12-01,2023-12,BEER-1055,Sierra Nevada Celebration,Sierra Nevada,Beer,10.97,0.62,Launch,183,1165,15.71,647.82,19.12,11.60,13.21,15.88,8.71,19.78,14.97,8.91,15.58,14.75,11.11,8.50,82.86
2023-12-01,2023-12,BEER-1056,Lagunitas IPA,Lagunitas,Beer,10.97,5.16,Growth,842,1165,72.27,2846.99,84.03,53.92,61.40,67.97,53.79,67.03,72.85,46.24,50.75,74.19,41.88,8.50,92.34
2023-12-01,2023-12,BEER-1057,Lagunitas Little Sumpin',Lagunitas,Beer,10.97,10.09,Growth,962,1165,82.58,3095.90,91.38,67.24,70.47,73.82,61.36,72.53,81.24,54.87,58.29,84.33,50.43,2.00,82.69
2023-12-01,2023-12,BEER-1058,Lagunitas Censored,Lagunitas,Beer,10.97,3.78,Growth,823,1165,70.64,2805.75,82.81,55.97,60.62,66.02,50.00,61.54,72.06,44.85,49.75,73.27,36.75,8.50,80.99
2023-12-01,2023-12,BEER-1060,60 Minute IPA,Dogfish Head,Beer,10.97,9.66,Growth,977,1165,83.86,3137.16,92.60,70.65,70.21,76.04,60.61,72.53,82.04,56.82,59.30,85.71,49.57,2.00,83.23
2023-12-01,2023-12,BEER-1061,IPA,Stone,Beer,10.97,3.52,Growth,848,1165,72.79,2850.90,84.15,57.00,64.25,68.80,48.11,64.84,72.06,46.80,53.27,78.34,36.75,8.50,88.50
2023-12-01,2023-12,BEER-1062,All Day IPA,Founders,Beer,10.97,4.70,Growth,842,1165,72.27,2810.10,82.94,59.04,60.36,67.13,51.89,63.74,72.26,48.47,47.74,73.73,43.59,8.50,87.21
2023-12-01,2023-12,BEER-1063,Two Hearted IPA,Bell's,Beer,10.97,6.24,Growth,964,1165,82.75,3103.02,91.59,68.94,71.24,74.09,59.47,70.33,81.64,57.10,57.29,84.79,44.44,2.00,76.39
2023-12-01,2023-12,BEER-1064,Black Butte Porter,Deschutes,Beer,10.97,4.40,Growth,864,1165,74.16,2870.54,84.73,62.12,63.99,68.52,47.73,69.23,74.65,46.24,54.77,78.34,38.46,8.50,83.06
2023-12-01,2023-12,BEER-1065,Steam Beer,Anchor,Beer,10.97,4.04,Growth,824,1165,70.73,2800.77,82.67,58.02,60.62,67.13,47.35,59.34,71.46,46.24,51.26,70.97,37.61,8.50,76.35
2023-12-01,2023-12,BEER-1066,Lager,Brooklyn,Beer,10.97,3.78,Growth,827,1165,70.99,2816.01,83.12,59.04,61.14,66.02,46.97,62.64,71.26,43.73,52.26,73.73,41.88,8.50,78.17
2023-12-01,2023-12,BEER-1067,312 Urban Wheat,Goose Island,Beer,10.97,3.12,Growth,834,1165,71.59,2849.23,84.10,56.31,63.47,66.57,49.62,59.34,68.66,46.24,51.76,78.80,42.74,8.50,87.03
2023-12-01,2023-12,BEER-1068,Belgian White,Shock Top,Beer,10.97,9.49,Growth,979,1165,84.03,3115.79,91.96,69.62,69.17,75.49,63.26,76.92,82.24,55.71,59.30,86.18,52.99,2.00,84.63
2023-12-01,2023-12,BEER-1069,Pure Gold,Michelob Ultra,Beer,10.97,9.86,Growth,962,1165,82.58,3111.15,91.83,66.89,71.24,73.82,60.23,73.63,81.64,52.92,63.32,82.95,48.72,2.00,85.31
2023-12-01,2023-12,BEER-1070,Blue Ribbon,Pabst,Beer,10.97,2.69,Launch,426,1165,36.57,1429.75,42.20,27.65,30.83,36.77,25.38,29.67,37.33,22.01,22.61,41.47,21.37,8.50,82.65
2023-12-01,2023-12,BEER-1071,Original,Tecate,Beer,10.97,8.31,Growth,968,1165,83.09,3107.95,91.73,67.92,72.28,73.82,60.23,72.53,82.44,55.99,60.80,82.95,45.30,2.00,88.76
2023-12-01,2023-12,BEER-1072,Clara,Pacifico,Beer,10.97,2.60,Launch,393,1165,33.73,1423.03,42.00,29.69,29.02,33.15,21.97,18.68,32.53,22.56,27.14,35.02,16.24,8.50,77.36
2023-12-01,2023-12,BEER-1073,Munich Dunkel,Negra Modelo,Beer,10.97,4.53,Growth,855,1165,73.39,2889.81,85.29,59.73,62.95,68.52,50.38,63.74,73.25,49.30,50.25,75.58,40.17,8.50,76.23
2023-12-01,2023-12,SELT-1075,White Claw Mango,White Claw,Hard Seltzer,10.97,4.76,Rapid_Growth,180,1165,15.45,660.09,19.48,15.36,12.95,10.58,14.02,10.99,15.17,4.74,5.53,33.64,2.56,3.00,26.85
2023-12-01,2023-12,SELT-1078,White Claw Watermelon,White Claw,Hard Seltzer,10.97,4.93,Rapid_Growth,184,1165,15.79,684.98,20.22,14.33,13.73,10.03,15.15,14.29,14.77,6.13,7.54,32.72,1.71,3.00,34.63
2023-12-01,2023-12,SELT-1079,White Claw Tangerine,White Claw,Hard Seltzer,10.97,1.18,Launch,69,1165,5.92,255.76,7.55,6.48,4.40,3.06,6.82,4.40,4.99,1.67,2.51,14.29,1.71,3.00,28.93
2023-12-01,2023-12,SELT-1081,Truly Colima Lime,Truly,Hard Seltzer,10.97,2.96,Rapid_Growth,129,1165,11.07,510.32,15.06,10.58,9.59,5.85,12.88,6.59,11.98,4.46,5.53,17.97,2.56,3.00,21.11
2023-12-01,2023-12,SELT-1082,Truly Grapefruit,Truly,Hard Seltzer,10.97,0.30,Launch,37,1165,3.18,137.79,4.07,2.05,2.59,2.51,3.41,3.30,2.59,1.67,1.01,6.45,1.71,3.00,33.96
2023-12-01,2023-12,SELT-1087,Bud Light Seltzer Strawberry,Bud Light Seltzer,Hard Seltzer,10.97,3.02,Rapid_Growth,141,1165,12.10,555.42,16.39,11.60,11.66,6.69,11.36,8.79,11.18,3.90,6.03,25.81,2.56,3.00,22.89
2023-12-01,2023-12,SELT-1090,Bud Light Seltzer Pineapple,Bud Light Seltzer,Hard Seltzer,10.97,1.64,Launch,52,1165,4.46,208.73,6.16,4.78,4.15,3.62,2.65,2.20,3.79,1.11,2.51,9.68,2.56,3.00,29.81
2023-12-01,2023-12,SELT-1091,Corona Hard Seltzer Tropical Lime,Corona Hard Seltzer,Hard Seltzer,10.97,1.84,Launch,56,1165,4.81,211.19,6.23,6.83,3.89,3.06,3.41,1.10,4.99,0.28,2.01,11.98,0.00,3.00,29.07
2023-12-01,2023-12,SELT-1098,Vizzy Blueberry Pomegranate,Vizzy,Hard Seltzer,10.97,4.34,Rapid_Growth,120,1165,10.30,427.66,12.62,8.87,10.88,4.74,10.61,7.69,10.58,3.34,5.03,19.35,2.56,3.00,18.32
2023-12-01,2023-12,SELT-1100,Bon & Viv Black Cherry,Bon & Viv,Hard Seltzer,10.97,2.37,Rapid_Growth,109,1165,9.36,425.20,12.55,8.19,7.51,8.36,6.82,8.79,7.78,5.01,7.54,16.13,1.71,3.00,23.62
2023-12-01,2023-12,SELT-1101,Bon & Viv Cranberry,Bon & Viv,Hard Seltzer,10.97,0.33,Launch,29,1165,2.49,120.59,3.56,0.68,2.33,2.23,1.89,5.49,2.99,0.28,1.51,4.61,0.00,3.00,29.20
2023-12-01,2023-12,SELT-1102,Bon & Viv Clementine Hibiscus,Bon & Viv,Hard Seltzer,10.97,2.30,Rapid_Growth,99,1165,8.50,406.75,12.01,8.53,5.70,4.74,10.61,7.69,7.39,3.90,4.02,17.97,0.85,3.00,24.92
2023-12-01,2023-12,SELT-1103,"Smirnoff Seltzer Red, White & Berry",Smirnoff Seltzer,Hard Seltzer,10.97,2.53,Rapid_Growth,90,1165,7.73,376.20,11.10,8.19,6.22,5.01,7.20,5.49,7.19,3.90,3.02,13.82,3.42,3.00,15.33
2023-12-01,2023-12,SELT-1105,Smirnoff Seltzer Orange Mango,Smirnoff Seltzer,Hard Seltzer,10.97,5.06,Rapid_Growth,124,1165,10.64,497.23,14.68,8.53,9.33,5.85,13.26,7.69,8.98,3.06,6.53,24.88,0.85,3.00,29.14
2023-12-01,2023-12,SELT-1106,Smirnoff Seltzer Cranberry Lime,Smirnoff Seltzer,Hard Seltzer,10.97,3.42,Rapid_Growth,141,1165,12.10,608.64,17.96,13.99,8.55,7.24,11.74,10.99,12.97,4.18,5.53,22.12,1.71,3.00,20.67
2023-12-01,2023-12,SELT-1110,High Noon Black Cherry,High Noon,Hard Seltzer,10.97,3.98,Rapid_Growth,132,1165,11.33,464.18,13.70,11.60,10.36,9.47,7.95,3.30,10.98,2.51,4.02,26.73,1.71,3.00,26.07
2023-12-01,2023-12,SELT-1112,Topo Chico Tangy Lemon Lime,Topo Chico,Hard Seltzer,10.97,1.97,Launch,40,1165,3.43,153.05,4.52,5.12,1.30,2.51,3.41,2.20,2.79,1.39,2.51,7.37,0.00,3.00,21.68
2023-12-01,2023-12,SELT-1113,Topo Chico Exotic Pineapple,Topo Chico,Hard Seltzer,10.97,2.73,Rapid_Growth,89,1165,7.64,333.22,9.84,7.51,6.22,5.29,6.82,6.59,6.19,3.34,3.52,16.13,3.42,3.00,26.35
2023-12-01,2023-12,SELT-1114,Topo Chico Strawberry Guava,Topo Chico,Hard Seltzer,10.97,0.03,Launch,27,1165,2.32,98.06,2.89,2.73,1.81,0.84,2.65,2.20,1.80,0.56,2.51,5.07,0.00,3.00,22.44
2023-12-01,2023-12,SELT-1117,Michelob Ultra Spicy Pineapple,Michelob Ultra,Hard Seltzer,10.97,1.22,Launch,44,1165,3.78,162.30,4.79,5.12,2.59,1.11,4.92,2.20,5.19,1.39,1.51,4.15,0.85,3.00,27.03
