Date,Date_String,Product_Category,Daily_Revenue,Daily_Units,Daily_Transactions,Avg_Transaction_Value,Active_Brands,Active_Regions,Total_Daily_Revenue,Market_Share_Revenue,Market_Share_Units
2023-01-01,2023-01-01,BEER,26792.08000000001,25976,2447,10.948949734368618,29,5,26885.96000000001,99.65082146964438,99.80404964075767
2023-01-01,2023-01-01,HARD SELTZER,93.88,51,51,1.84078431372549,10,5,26885.96000000001,0.3491785303556204,0.1959503592423253
2023-01-02,2023-01-02,BEER,12005.189999999997,11673,2304,5.2105859374999985,29,5,12132.209999999997,98.95303493757525,99.34468085106383
2023-01-02,2023-01-02,HARD SELTZER,127.02000000000004,77,77,1.6496103896103902,10,5,12132.209999999997,1.0469650624247362,0.6553191489361702
2023-01-03,2023-01-03,BEER,15717.899999999996,15345,2322,6.7691214470284224,29,5,15847.099999999997,99.18470887417887,99.52007263765485
2023-01-03,2023-01-03,HARD SELTZER,129.20000000000005,74,71,1.8197183098591556,10,5,15847.099999999997,0.8152911258211286,0.4799273623451586
2023-01-04,2023-01-04,BEER,15737.62,15577,2284,6.8903765323993,29,5,15871.83,99.15441382625696,99.51447006963522
2023-01-04,2023-01-04,HARD SELTZER,134.20999999999998,76,76,1.7659210526315787,10,5,15871.83,0.8455861737430401,0.4855299303647863
2023-01-05,2023-01-05,BEER,16371.119999999983,15971,2322,7.050439276485781,29,5,16508.04999999998,99.17052589494217,99.52639122577429
2023-01-05,2023-01-05,HARD SELTZER,136.92999999999998,76,76,1.801710526315789,10,5,16508.04999999998,0.8294741050578363,0.47360877422571196
2023-01-06,2023-01-06,BEER,23269.410000000014,22810,2422,9.607518579686216,29,5,23411.910000000014,99.3913354356821,99.64179626070244
2023-01-06,2023-01-06,HARD SELTZER,142.49999999999997,82,82,1.73780487804878,10,5,23411.910000000014,0.6086645643179044,0.3582037392975712
2023-01-07,2023-01-07,BEER,28192.54000000003,27421,2444,11.535409165302795,29,5,28331.63000000003,99.50906460376618,99.71635332193898
2023-01-07,2023-01-07,HARD SELTZER,139.09,78,74,1.8795945945945947,10,5,28331.63000000003,0.49093539623382015,0.2836466780610204
2023-01-08,2023-01-08,BEER,24406.039999999924,23886,2226,10.964079065588466,29,5,24540.919999999925,99.45038735304136,99.68283114931977
2023-01-08,2023-01-08,HARD SELTZER,134.88000000000005,76,76,1.7747368421052638,10,5,24540.919999999925,0.5496126469586327,0.3171688506802437
2023-01-09,2023-01-09,BEER,11594.679999999971,11377,2150,5.392874418604638,29,5,11738.57999999997,98.77412770539537,99.30173692938816
2023-01-09,2023-01-09,HARD SELTZER,143.9,80,80,1.79875,10,5,11738.57999999997,1.2258722946046317,0.698263070611853
2023-01-10,2023-01-10,BEER,14402.790000000035,14182,2116,6.806611531190943,29,5,14531.760000000035,99.11249566466829,99.45999018163967
2023-01-10,2023-01-10,HARD SELTZER,128.96999999999997,77,77,1.6749350649350645,10,5,14531.760000000035,0.8875043353317125,0.5400098183603338
2023-01-11,2023-01-11,BEER,14804.100000000015,14509,2132,6.943761726078806,29,5,14940.450000000015,99.08737688623836,99.47891669523483
2023-01-11,2023-01-11,HARD SELTZER,136.35,76,76,1.7940789473684209,10,5,14940.450000000015,0.9126231137616326,0.5210833047651696
2023-01-12,2023-01-12,BEER,14185.509999999964,13970,2106,6.73575973409305,29,5,14318.659999999963,99.07009454795352,99.45184025058731
2023-01-12,2023-01-12,HARD SELTZER,133.14999999999998,77,77,1.729220779220779,10,5,14318.659999999963,0.9299054520464926,0.548159749412686
2023-01-13,2023-01-13,BEER,20397.099999999937,20030,2207,9.242002718622535,29,5,20549.879999999936,99.25654067079711,99.55763208907004
2023-01-13,2023-01-13,HARD SELTZER,152.77999999999997,89,88,1.7361363636363634,10,5,20549.879999999936,0.7434593292028978,0.44236791092996675
2023-01-14,2023-01-14,BEER,25128.319999999985,24684,2241,11.212994199018288,29,5,25266.849999999984,99.45173221038634,99.69305331179321
2023-01-14,2023-01-14,HARD SELTZER,138.53000000000006,76,74,1.8720270270270278,10,5,25266.849999999984,0.5482677896136643,0.3069466882067851
2023-01-15,2023-01-15,BEER,23466.319999999985,22695,2231,10.51829672792469,29,5,23630.659999999985,99.30454756659357,99.59626102602361
2023-01-15,2023-01-15,HARD SELTZER,164.33999999999995,92,89,1.8465168539325836,10,5,23630.659999999985,0.6954524334064307,0.40373897397639
2023-01-16,2023-01-16,BEER,11634.890000000005,11387,2129,5.464955378111791,29,5,11769.980000000005,98.85224953653278,99.33699729564687
2023-01-16,2023-01-16,HARD SELTZER,135.08999999999997,76,76,1.7774999999999996,10,5,11769.980000000005,1.1477504634672269,0.6630027043531361
2023-01-17,2023-01-17,BEER,14654.320000000005,14334,2113,6.935314718409846,29,5,14806.450000000004,98.97254237173665,99.369150779896
2023-01-17,2023-01-17,HARD SELTZER,152.13000000000002,91,91,1.671758241758242,10,5,14806.450000000004,1.027457628263358,0.6308492201039861
2023-01-18,2023-01-18,BEER,14336.22000000004,14207,2134,6.71800374882851,29,5,14457.81000000004,99.15900125952686,99.52364273204904
2023-01-18,2023-01-18,HARD SELTZER,121.59,68,67,1.8147761194029852,10,5,14457.81000000004,0.8409987404731398,0.4763572679509632
2023-01-19,2023-01-19,BEER,14393.83,14144,2093,6.877128523650263,29,5,14527.3,99.08124703145114,99.42359060874455
2023-01-19,2023-01-19,HARD SELTZER,133.47,82,82,1.6276829268292683,10,5,14527.3,0.91875296854887,0.5764093912554478
2023-01-20,2023-01-20,BEER,21680.35999999997,20955,2204,9.836823956442819,29,5,21827.33999999997,99.32662431610999,99.60547580568495
2023-01-20,2023-01-20,HARD SELTZER,146.98000000000002,83,82,1.7924390243902442,10,5,21827.33999999997,0.6733756838900214,0.3945241943150489
2023-01-21,2023-01-21,BEER,25053.229999999978,24534,2241,11.179486836233814,29,5,25188.939999999977,99.46123179458921,99.67498171772162
2023-01-21,2023-01-21,HARD SELTZER,135.70999999999998,80,76,1.7856578947368418,10,5,25188.939999999977,0.5387682054107878,0.32501828227837815
2023-01-22,2023-01-22,BEER,26614.059999999954,25991,2230,11.934556053811638,29,5,26760.929999999953,99.451177518868,99.67020746251485
2023-01-22,2023-01-22,HARD SELTZER,146.86999999999998,86,84,1.7484523809523806,10,5,26760.929999999953,0.5488224811320094,0.3297925374851402
2023-01-23,2023-01-23,BEER,12569.470000000027,12171,2125,5.915044705882366,29,5,12697.320000000027,98.99309460579083,99.37132593076421
2023-01-23,2023-01-23,HARD SELTZER,127.85000000000001,77,77,1.6603896103896105,10,5,12697.320000000027,1.0069053942091697,0.6286740692357936
2023-01-24,2023-01-24,BEER,14169.350000000015,13788,2114,6.7026253547776795,29,5,14320.110000000015,98.94721479094784,99.37297297297297
2023-01-24,2023-01-24,HARD SELTZER,150.76000000000005,87,87,1.7328735632183914,10,5,14320.110000000015,1.0527852090521643,0.6270270270270271
2023-01-25,2023-01-25,BEER,14775.410000000016,14404,2132,6.930304878048788,29,5,14927.060000000016,98.98405982155897,99.42020982882386
2023-01-25,2023-01-25,HARD SELTZER,151.65000000000006,84,84,1.8053571428571435,10,5,14927.060000000016,1.015940178441032,0.5797901711761457
2023-01-26,2023-01-26,BEER,14252.270000000006,13781,2111,6.751430601610614,29,5,14409.520000000006,98.90870757665765,99.3654913836614
2023-01-26,2023-01-26,HARD SELTZER,157.24999999999994,88,87,1.8074712643678155,10,5,14409.520000000006,1.0912924233423449,0.6345086163385969
2023-01-27,2023-01-27,BEER,22171.249999999985,21708,2182,10.160976168652606,29,5,22354.269999999986,99.18127498683697,99.50951180380471
2023-01-27,2023-01-27,HARD SELTZER,183.02000000000004,107,104,1.7598076923076926,10,5,22354.269999999986,0.818725013163034,0.49048819619527845
2023-01-28,2023-01-28,BEER,24727.88999999997,24138,2215,11.163832957110596,29,5,24890.08999999997,99.34833502008229,99.61208319577418
2023-01-28,2023-01-28,HARD SELTZER,162.20000000000005,94,91,1.782417582417583,10,5,24890.08999999997,0.6516649799177112,0.3879168042258171
2023-01-29,2023-01-29,BEER,26126.88999999997,25534,2257,11.575937084625597,29,5,26311.56999999997,99.29810345790844,99.59823692319694
2023-01-29,2023-01-29,HARD SELTZER,184.68,103,97,1.903917525773196,10,5,26311.56999999997,0.7018965420915598,0.40176307680305806
2023-01-30,2023-01-30,BEER,12224.129999999994,11892,2129,5.7417238139971785,29,5,12341.849999999993,99.04617217029862,99.41481357632503
2023-01-30,2023-01-30,HARD SELTZER,117.72000000000003,70,70,1.6817142857142862,10,5,12341.849999999993,0.9538278297013826,0.5851864236749708
2023-01-31,2023-01-31,BEER,14665.59999999999,14255,2093,7.006975633062584,29,5,14830.649999999989,98.88710204879759,99.33105706919379
2023-01-31,2023-01-31,HARD SELTZER,165.04999999999995,96,91,1.8137362637362633,10,5,14830.649999999989,1.112897951202409,0.6689429308062156
2023-02-01,2023-02-01,BEER,14886.409999999989,14581,2086,7.136342281879189,29,5,15069.459999999988,98.78529157647321,99.31208282250374
2023-02-01,2023-02-01,HARD SELTZER,183.04999999999998,101,100,1.8304999999999998,10,5,15069.459999999988,1.2147084235267895,0.6879171774962539
2023-02-02,2023-02-02,BEER,14825.320000000012,14650,2109,7.0295495495495555,29,5,14994.400000000012,98.87237902150136,99.335503119067
2023-02-02,2023-02-02,HARD SELTZER,169.07999999999998,98,98,1.7253061224489794,10,5,14994.400000000012,1.1276209784986384,0.6644968809330078
2023-02-03,2023-02-03,BEER,23372.20999999997,22787,2188,10.68199725776964,29,5,23544.23999999997,99.2693329663646,99.55872072701852
2023-02-03,2023-02-03,HARD SELTZER,172.03000000000006,101,99,1.7376767676767682,10,5,23544.23999999997,0.7306670336354042,0.441279272981475
2023-02-04,2023-02-04,BEER,27305.520000000015,26576,2223,12.283184885290154,29,5,27429.770000000015,99.54702500239702,99.72981086760733
2023-02-04,2023-02-04,HARD SELTZER,124.24999999999997,72,71,1.7499999999999996,10,5,27429.770000000015,0.452974997602969,0.2701891323926749
2023-02-05,2023-02-05,BEER,28564.530000000002,27909,2233,12.791997313031796,29,5,28730.04,99.42391308887841,99.646529562982
2023-02-05,2023-02-05,HARD SELTZER,165.51000000000005,99,90,1.8390000000000006,10,5,28730.04,0.5760869111215997,0.35347043701799485
2023-02-06,2023-02-06,BEER,12130.189999999993,11779,2077,5.840245546461239,29,5,12313.279999999993,98.51306881675718,99.13314256859115
2023-02-06,2023-02-06,HARD SELTZER,183.08999999999997,103,103,1.7775728155339803,10,5,12313.279999999993,1.4869311832428085,0.8668574314088536
2023-02-07,2023-02-07,BEER,16154.78999999997,15814,2108,7.663562618595811,29,5,16315.60999999997,99.01431818975816,99.42160191122846
2023-02-07,2023-02-07,HARD SELTZER,160.82,92,92,1.7480434782608696,10,5,16315.60999999997,0.9856818102418499,0.5783980887715328
2023-02-08,2023-02-08,BEER,14948.709999999994,14726,2097,7.128617072007627,29,5,15087.149999999994,99.08239793466626,99.46639648767308
2023-02-08,2023-02-08,HARD SELTZER,138.44,79,79,1.7524050632911392,10,5,15087.149999999994,0.9176020653337447,0.5336035123269166
2023-02-09,2023-02-09,BEER,16380.530000000019,15854,2121,7.723022159358802,29,5,16544.83000000002,99.00694053671147,99.41058439929772
2023-02-09,2023-02-09,HARD SELTZER,164.3,94,94,1.747872340425532,10,5,16544.83000000002,0.9930594632885308,0.5894156007022824
2023-02-10,2023-02-10,BEER,24539.879999999994,23750,2210,11.104018099547508,29,5,24748.399999999994,99.15744048100079,99.49727691663176
2023-02-10,2023-02-10,HARD SELTZER,208.51999999999998,120,113,1.845309734513274,10,5,24748.399999999994,0.8425595189992082,0.5027230833682447
2023-02-11,2023-02-11,BEER,27789.86000000003,27112,2240,12.406187500000014,29,5,27958.55000000003,99.39664252974492,99.66181443905307
2023-02-11,2023-02-11,HARD SELTZER,168.69,92,87,1.9389655172413793,10,5,27958.55000000003,0.6033574702550735,0.33818556094691954
2023-02-12,2023-02-12,BEER,27726.339999999975,27180,2194,12.637347310847755,29,5,27906.069999999974,99.35594657363076,99.6261271167803
2023-02-12,2023-02-12,HARD SELTZER,179.73000000000002,102,101,1.7795049504950498,10,5,27906.069999999974,0.6440534263692458,0.3738728832197053
2023-02-13,2023-02-13,BEER,12404.059999999985,12145,2082,5.9577617675312124,29,5,12594.229999999985,98.49002281203376,99.11858320411328
2023-02-13,2023-02-13,HARD SELTZER,190.16999999999993,108,108,1.7608333333333326,10,5,12594.229999999985,1.5099771879662365,0.8814167958867216
2023-02-14,2023-02-14,BEER,17461.73999999999,17020,2113,8.26395646000946,29,5,17647.229999999992,98.94890019566809,99.39266526512498
2023-02-14,2023-02-14,HARD SELTZER,185.48999999999995,104,101,1.8365346534653462,10,5,17647.229999999992,1.0510998043318982,0.6073347348750292
2023-02-15,2023-02-15,BEER,16742.129999999986,16419,2101,7.968648262732026,29,5,16896.049999999985,99.0890178473667,99.44881889763779
2023-02-15,2023-02-15,HARD SELTZER,153.92,91,91,1.6914285714285713,10,5,16896.049999999985,0.9109821526333085,0.5511811023622047
2023-02-16,2023-02-16,BEER,16722.65000000005,16215,2129,7.854697040864278,29,5,16879.03000000005,99.07352495966889,99.46632315053367
2023-02-16,2023-02-16,HARD SELTZER,156.38000000000008,87,86,1.8183720930232568,10,5,16879.03000000005,0.926475040331107,0.5336768494663232
2023-02-17,2023-02-17,BEER,24425.06000000004,23827,2189,11.158090452261325,29,5,24641.030000000042,99.12353501456717,99.49058415800242
2023-02-17,2023-02-17,HARD SELTZER,215.97,122,116,1.8618103448275862,10,5,24641.030000000042,0.8764649854328314,0.5094158419975782
2023-02-18,2023-02-18,BEER,29157.24000000001,28440,2262,12.890026525198943,29,5,29303.200000000008,99.50189740369653,99.70900676646917
2023-02-18,2023-02-18,HARD SELTZER,145.96,83,80,1.8245,10,5,29303.200000000008,0.49810259630347525,0.2909932335308347
2023-02-19,2023-02-19,BEER,30137.10000000005,29302,2245,13.42409799554568,29,5,30296.56000000005,99.47366961793682,99.68701095461658
2023-02-19,2023-02-19,HARD SELTZER,159.45999999999998,92,87,1.8328735632183906,10,5,30296.56000000005,0.5263303820631772,0.3129890453834116
2023-02-20,2023-02-20,BEER,12943.999999999987,12583,2087,6.202204120747479,29,5,13124.089999999987,98.62779057443221,99.18026326160637
2023-02-20,2023-02-20,HARD SELTZER,180.09,104,103,1.7484466019417475,10,5,13124.089999999987,1.372209425567793,0.8197367383936313
2023-02-21,2023-02-21,BEER,16946.24000000003,16570,2112,8.023787878787893,29,5,17108.06000000003,99.0541300416295,99.42397695907836
2023-02-21,2023-02-21,HARD SELTZER,161.81999999999994,96,93,1.7399999999999993,10,5,17108.06000000003,0.945869958370497,0.5760230409216369
2023-02-22,2023-02-22,BEER,17100.39999999997,16814,2110,8.104454976303304,29,5,17293.52999999997,98.88322395716779,99.3617775676634
2023-02-22,2023-02-22,HARD SELTZER,193.13,108,102,1.8934313725490195,10,5,17293.52999999997,1.1167760428322058,0.6382224323366033
2023-02-23,2023-02-23,BEER,17048.19,16508,2099,8.122053358742258,29,5,17224.579999999998,98.97594019709044,99.37992896273555
2023-02-23,2023-02-23,HARD SELTZER,176.38999999999996,103,102,1.7293137254901956,10,5,17224.579999999998,1.0240598029095629,0.6200710372644633
2023-02-24,2023-02-24,BEER,23418.379999999983,23067,2209,10.60134902670891,29,5,23639.199999999983,99.0658736336255,99.45673263484672
2023-02-24,2023-02-24,HARD SELTZER,220.81999999999996,126,118,1.8713559322033895,10,5,23639.199999999983,0.9341263663744971,0.543267365153279
2023-02-25,2023-02-25,BEER,28871.350000000024,28147,2252,12.820315275310845,29,5,29068.950000000023,99.3202368850612,99.6177667669439
2023-02-25,2023-02-25,HARD SELTZER,197.6,108,103,1.9184466019417474,10,5,29068.950000000023,0.6797631149387915,0.38223323305609624
2023-02-26,2023-02-26,BEER,28247.13000000001,27179,2236,12.632884615384619,29,5,28451.06000000001,99.2832252998658,99.58960829577516
2023-02-26,2023-02-26,HARD SELTZER,203.93000000000006,112,103,1.9799029126213599,10,5,28451.06000000001,0.7167747001341954,0.41039170422483606
2023-02-27,2023-02-27,BEER,12549.210000000001,12135,2110,5.947492890995261,29,5,12698.080000000002,98.82761803359247,99.29629326569021
2023-02-27,2023-02-27,HARD SELTZER,148.87,86,86,1.731046511627907,10,5,12698.080000000002,1.1723819664075197,0.7037067343097946
2023-02-28,2023-02-28,BEER,17155.489999999976,16599,2101,8.165392670157056,29,5,17338.239999999976,98.94597144808239,99.37735736095313
2023-02-28,2023-02-28,HARD SELTZER,182.75000000000003,104,100,1.8275000000000003,10,5,17338.239999999976,1.0540285519176125,0.6226426390468778
2023-03-01,2023-03-01,BEER,17271.42000000001,16968,2120,8.146896226415098,29,5,17479.91000000001,98.80725930511083,99.30937609738967
2023-03-01,2023-03-01,HARD SELTZER,208.49000000000004,118,113,1.845044247787611,10,5,17479.91000000001,1.1927406948891608,0.6906239026103242
2023-03-02,2023-03-02,BEER,17248.70999999996,16769,2095,8.23327446300714,29,5,17434.899999999958,98.93208449718668,99.37185185185186
2023-03-02,2023-03-02,HARD SELTZER,186.18999999999988,106,106,1.7565094339622631,10,5,17434.899999999958,1.0679155028133247,0.6281481481481481
2023-03-03,2023-03-03,BEER,25048.770000000008,24600,2204,11.365140653357535,29,5,25259.640000000007,99.16519000270789,99.50248756218906
2023-03-03,2023-03-03,HARD SELTZER,210.87000000000006,123,116,1.8178448275862074,10,5,25259.640000000007,0.8348099972921229,0.4975124378109453
2023-03-04,2023-03-04,BEER,31327.079999999973,30459,2217,14.13039242219214,29,5,31565.349999999973,99.24515330892893,99.55873700725633
2023-03-04,2023-03-04,HARD SELTZER,238.27,135,121,1.9691735537190083,10,5,31565.349999999973,0.7548466910710644,0.4412629927436752
2023-03-05,2023-03-05,BEER,30839.300000000007,29656,2251,13.700266548200803,29,5,31064.740000000005,99.27428975745491,99.55686853766618
2023-03-05,2023-03-05,HARD SELTZER,225.4399999999999,132,119,1.8944537815126044,10,5,31064.740000000005,0.7257102425450844,0.4431314623338257
2023-03-06,2023-03-06,BEER,13522.249999999993,12995,2134,6.336574507966257,29,5,13700.499999999993,98.69895259297105,99.21362040006107
2023-03-06,2023-03-06,HARD SELTZER,178.25000000000003,103,103,1.730582524271845,10,5,13700.499999999993,1.3010474070289415,0.786379599938922
2023-03-07,2023-03-07,BEER,17998.950000000037,17651,2134,8.43437207122776,29,5,18178.550000000036,99.01202241102838,99.41424950718107
2023-03-07,2023-03-07,HARD SELTZER,179.6,104,103,1.7436893203883495,10,5,18178.550000000036,0.9879775889716157,0.5857504928189243
2023-03-08,2023-03-08,BEER,17772.5,17519,2095,8.483293556085918,29,5,18022.01,98.61552623708455,99.19596851820394
2023-03-08,2023-03-08,HARD SELTZER,249.51000000000013,142,129,1.934186046511629,10,5,18022.01,1.3844737629154582,0.8040314817960479
2023-03-09,2023-03-09,BEER,18652.12999999999,18323,2089,8.928736237434174,29,5,18868.61999999999,98.85264529149454,99.3331887672124
2023-03-09,2023-03-09,HARD SELTZER,216.49,123,119,1.8192436974789916,10,5,18868.61999999999,1.147354708505445,0.6668112327875962
2023-03-10,2023-03-10,BEER,25236.460000000017,24804,2147,11.754289706567311,29,5,25477.43000000002,99.05418246659886,99.44272942308463
2023-03-10,2023-03-10,HARD SELTZER,240.97000000000006,139,125,1.9277600000000004,10,5,25477.43000000002,0.9458175334011314,0.5572705769153671
2023-03-11,2023-03-11,BEER,33232.97999999999,31969,2230,14.90268161434977,29,5,33471.21999999999,99.28822433123143,99.57018718659482
2023-03-11,2023-03-11,HARD SELTZER,238.23999999999995,138,132,1.8048484848484845,10,5,33471.21999999999,0.711775668768572,0.42981281340517646
2023-03-12,2023-03-12,BEER,32317.139999999992,31482,2220,14.557270270270267,29,5,32569.249999999993,99.2259262955088,99.55097394384012
2023-03-12,2023-03-12,HARD SELTZER,252.11000000000007,142,123,2.049674796747968,10,5,32569.249999999993,0.7740737044911998,0.4490260561598786
2023-03-13,2023-03-13,BEER,14663.810000000005,14297,2102,6.976122740247386,29,5,14871.800000000005,98.60144703398377,99.18140825528963
2023-03-13,2023-03-13,HARD SELTZER,207.99,118,115,1.808608695652174,10,5,14871.800000000005,1.3985529660162181,0.8185917447103711
2023-03-14,2023-03-14,BEER,17217.780000000002,16872,2083,8.26585693710994,29,5,17447.030000000002,98.68602277866204,99.24122110464091
2023-03-14,2023-03-14,HARD SELTZER,229.2500000000001,129,127,1.8051181102362213,10,5,17447.030000000002,1.313977221337959,0.7587788953590966
2023-03-15,2023-03-15,BEER,18573.180000000055,18039,2112,8.794119318181844,29,5,18773.080000000056,98.93517739230856,99.36653079211193
2023-03-15,2023-03-15,HARD SELTZER,199.89999999999995,115,115,1.7382608695652169,10,5,18773.080000000056,1.0648226076914356,0.6334692078880688
2023-03-16,2023-03-16,BEER,17956.410000000014,17498,2107,8.522263882297112,29,5,18164.260000000013,98.85571996877385,99.30196924124624
2023-03-16,2023-03-16,HARD SELTZER,207.84999999999997,123,115,1.8073913043478258,10,5,18164.260000000013,1.144280031226154,0.6980307587537598
2023-03-17,2023-03-17,BEER,27874.17000000002,27259,2197,12.687378243058726,29,5,28159.64000000002,98.98624414232567,99.41646303658047
2023-03-17,2023-03-17,HARD SELTZER,285.4699999999999,160,138,2.0686231884057964,10,5,28159.64000000002,1.0137558576743158,0.5835369634195265
2023-03-18,2023-03-18,BEER,31143.25999999998,30407,2238,13.91566577301161,29,5,31382.59999999998,99.23734808460739,99.54168985497758
2023-03-18,2023-03-18,HARD SELTZER,239.34000000000003,140,124,1.9301612903225809,10,5,31382.59999999998,0.7626519153926067,0.4583101450224244
2023-03-19,2023-03-19,BEER,32887.709999999934,31619,2254,14.590820763087814,29,5,33140.51999999993,99.23715741334173,99.52157628025557
2023-03-19,2023-03-19,HARD SELTZER,252.81000000000012,152,134,1.886641791044777,10,5,33140.51999999993,0.762842586658268,0.47842371974442105
2023-03-20,2023-03-20,BEER,15363.6,14819,2125,7.229929411764706,29,5,15573.970000000001,98.64922046209155,99.19673338242185
2023-03-20,2023-03-20,HARD SELTZER,210.37,120,114,1.8453508771929825,10,5,15573.970000000001,1.350779537908446,0.8032666175781512
2023-03-21,2023-03-21,BEER,20274.619999999974,19732,2141,9.469696403549731,29,5,20470.849999999973,99.04141743015067,99.42557694245691
2023-03-21,2023-03-21,HARD SELTZER,196.23000000000002,114,110,1.783909090909091,10,5,20470.849999999973,0.9585825698493237,0.5744230575430818
2023-03-22,2023-03-22,BEER,18541.080000000013,18054,2095,8.850157517899767,29,5,18774.34000000001,98.75755952006836,99.26325049483175
2023-03-22,2023-03-22,HARD SELTZER,233.25999999999993,134,133,1.7538345864661649,10,5,18774.34000000001,1.2424404799316504,0.7367495051682428
2023-03-23,2023-03-23,BEER,19902.89,19517,2128,9.352861842105263,29,5,20115.93,98.94093884796776,99.38890869277385
2023-03-23,2023-03-23,HARD SELTZER,213.04,120,118,1.8054237288135593,10,5,20115.93,1.059061152032245,0.6110913072261548
2023-03-24,2023-03-24,BEER,26798.04000000004,26297,2206,12.147796917497752,29,5,27030.41000000004,99.14033860381697,99.49678395762392
2023-03-24,2023-03-24,HARD SELTZER,232.36999999999995,133,121,1.9204132231404953,10,5,27030.41000000004,0.8596613961830384,0.5032160423760877
2023-03-25,2023-03-25,BEER,33284.860000000015,32459,2263,14.708289880689357,29,5,33533.77000000002,99.25773332375094,99.57359347199215
2023-03-25,2023-03-25,HARD SELTZER,248.9099999999999,139,127,1.959921259842519,10,5,33533.77000000002,0.7422666762490462,0.4264065280078532
2023-03-26,2023-03-26,BEER,33190.35000000008,31998,2203,15.065978211529767,29,5,33498.82000000008,99.07916159434869,99.48389503793061
2023-03-26,2023-03-26,HARD SELTZER,308.46999999999974,166,143,2.1571328671328653,10,5,33498.82000000008,0.9208384056513006,0.5161049620693944
2023-03-27,2023-03-27,BEER,15309.109999999993,14740,2113,7.245201135825837,29,5,15564.159999999993,98.36129929273409,99.03917220990391
2023-03-27,2023-03-27,HARD SELTZER,255.04999999999987,143,139,1.8348920863309344,10,5,15564.159999999993,1.6387007072659239,0.9608277900960829
2023-03-28,2023-03-28,BEER,20337.99999999999,19651,2132,9.539399624765473,29,5,20560.46999999999,98.91797220588828,99.36792071197411
2023-03-28,2023-03-28,HARD SELTZER,222.47000000000008,125,115,1.9345217391304355,10,5,20560.46999999999,1.0820277941117113,0.63207928802589
2023-03-29,2023-03-29,BEER,19446.260000000046,18945,2102,9.25131303520459,29,5,19718.270000000044,98.62051792576125,99.20925848345203
2023-03-29,2023-03-29,HARD SELTZER,272.00999999999993,151,133,2.0451879699248114,10,5,19718.270000000044,1.3794820742387608,0.7907415165479681
2023-03-30,2023-03-30,BEER,19332.61000000002,19060,2100,9.20600476190477,29,5,19596.140000000018,98.65519433929336,99.20882781594837
2023-03-30,2023-03-30,HARD SELTZER,263.52999999999986,152,145,1.817448275862068,10,5,19596.140000000018,1.3448056607066474,0.7911721840516344
2023-03-31,2023-03-31,BEER,28277.090000000044,27623,2209,12.800855590765073,29,5,28547.260000000042,99.05360444399919,99.41695159258592
2023-03-31,2023-03-31,HARD SELTZER,270.16999999999996,162,136,1.9865441176470586,10,5,28547.260000000042,0.9463955560008196,0.5830484074140724
2023-04-01,2023-04-01,BEER,34195.349999999926,33411,2262,15.11730769230766,29,5,34444.60999999993,99.27634541369463,99.56788651805937
2023-04-01,2023-04-01,HARD SELTZER,249.2600000000001,145,127,1.9626771653543316,10,5,34444.60999999993,0.7236545863053773,0.43211348194063653
2023-04-02,2023-04-02,BEER,32655.45999999996,31894,2211,14.769543193125264,29,5,32964.32999999996,99.06301751013899,99.44809952916965
2023-04-02,2023-04-02,HARD SELTZER,308.87,177,151,2.045496688741722,10,5,32964.32999999996,0.9369824898610115,0.5519004708303452
2023-04-03,2023-04-03,BEER,14818.939999999993,14548,2102,7.049923882017123,29,5,15068.329999999993,98.34493935293426,99.01987476177511
2023-04-03,2023-04-03,HARD SELTZER,249.3899999999999,144,138,1.8071739130434776,10,5,15068.329999999993,1.6550606470657334,0.9801252382248844
2023-04-04,2023-04-04,BEER,20386.46000000003,19679,2109,9.666410621147477,29,5,20620.220000000027,98.86635545110578,99.31866357121227
2023-04-04,2023-04-04,HARD SELTZER,233.75999999999996,135,123,1.9004878048780485,10,5,20620.220000000027,1.133644548894239,0.6813364287877258
2023-04-05,2023-04-05,BEER,20361.94000000002,19497,2154,9.453082636954512,29,5,20609.180000000022,98.80034043081771,99.27189409368636
2023-04-05,2023-04-05,HARD SELTZER,247.24000000000007,143,131,1.8873282442748096,10,5,20609.180000000022,1.199659569182276,0.7281059063136457
2023-04-06,2023-04-06,BEER,20154.640000000007,19647,2110,9.55196208530806,29,5,20401.250000000007,98.79120151951474,99.26236548274643
2023-04-06,2023-04-06,HARD SELTZER,246.61000000000016,146,133,1.8542105263157906,10,5,20401.250000000007,1.2087984804852647,0.7376345172535744
2023-04-07,2023-04-07,BEER,30504.309999999983,29335,2253,13.539418553040383,29,5,30713.719999999983,99.31818744196404,99.58245637857289
2023-04-07,2023-04-07,HARD SELTZER,209.41,123,114,1.8369298245614034,10,5,30713.719999999983,0.681812558035953,0.41754362142711654
2023-04-08,2023-04-08,BEER,35491.16,34171,2210,16.059348416289595,29,5,35831.700000000004,99.04961249396483,99.42389944426664
2023-04-08,2023-04-08,HARD SELTZER,340.54000000000013,198,160,2.128375000000001,10,5,35831.700000000004,0.950387506035159,0.5761005557333644
2023-04-09,2023-04-09,BEER,33946.78999999999,33221,2230,15.22277578475336,29,5,34268.67999999999,99.06068748489875,99.42239779733046
2023-04-09,2023-04-09,HARD SELTZER,321.89,193,151,2.1317218543046357,10,5,34268.67999999999,0.9393125151012529,0.5776022026695398
2023-04-10,2023-04-10,BEER,16147.709999999997,15871,2140,7.545658878504671,29,5,16362.609999999997,98.68663984535475,99.22475773679274
2023-04-10,2023-04-10,HARD SELTZER,214.90000000000003,124,110,1.9536363636363638,10,5,16362.609999999997,1.3133601546452556,0.7752422632072523
2023-04-11,2023-04-11,BEER,21168.199999999986,20416,2123,9.97089024964672,29,5,21404.779999999984,98.8947328587353,99.34309765948129
2023-04-11,2023-04-11,HARD SELTZER,236.57999999999993,135,126,1.877619047619047,10,5,21404.779999999984,1.1052671412647086,0.6569023405187095
2023-04-12,2023-04-12,BEER,21617.749999999953,20972,2146,10.073508853681245,29,5,21890.739999999954,98.75294302522435,99.27104042412194
2023-04-12,2023-04-12,HARD SELTZER,272.99000000000007,154,137,1.992627737226278,10,5,21890.739999999954,1.2470569747756388,0.7289595758780649
2023-04-13,2023-04-13,BEER,21247.169999999995,20683,2119,10.026979707409152,29,5,21493.169999999995,98.8554503593467,99.31812725090036
2023-04-13,2023-04-13,HARD SELTZER,246.0,142,132,1.8636363636363635,10,5,21493.169999999995,1.144549640653287,0.6818727490996398
2023-04-14,2023-04-14,BEER,31095.449999999975,30463,2186,14.224817017383337,29,5,31420.189999999977,98.96646073750668,99.40285844808457
2023-04-14,2023-04-14,HARD SELTZER,324.74,183,151,2.1505960264900663,10,5,31420.189999999977,1.033539262493321,0.5971415519154213
2023-04-15,2023-04-15,BEER,35833.52999999998,34685,2247,15.94727636849131,29,5,36092.14999999998,99.28344529212029,99.56082438716344
2023-04-15,2023-04-15,HARD SELTZER,258.61999999999995,153,123,2.1026016260162597,10,5,36092.14999999998,0.7165547078796916,0.43917561283655776
2023-04-16,2023-04-16,BEER,38788.51,37494,2252,17.224027531083483,29,5,39136.21,99.11156445654805,99.46149560973022
2023-04-16,2023-04-16,HARD SELTZER,347.70000000000005,203,145,2.397931034482759,10,5,39136.21,0.8884355434519594,0.5385043902697827
2023-04-17,2023-04-17,BEER,17929.009999999947,17120,2126,8.433212605832525,29,5,18175.81999999995,98.64209702780946,99.16015059368665
2023-04-17,2023-04-17,HARD SELTZER,246.81000000000006,145,133,1.855714285714286,10,5,18175.81999999995,1.3579029721905298,0.8398494063133507
2023-04-18,2023-04-18,BEER,21351.029999999962,20660,2094,10.196289398280785,29,5,21630.589999999964,98.70757108335926,99.23150816522575
2023-04-18,2023-04-18,HARD SELTZER,279.56,160,136,2.0555882352941177,10,5,21630.589999999964,1.292428916640741,0.7684918347742555
2023-04-19,2023-04-19,BEER,23139.12,22691,2134,10.8430740393627,29,5,23405.01,98.86396117754276,99.33893704579285
2023-04-19,2023-04-19,HARD SELTZER,265.88999999999993,151,138,1.926739130434782,10,5,23405.01,1.1360388224572429,0.6610629542071622
2023-04-20,2023-04-20,BEER,22170.310000000012,21397,2143,10.345454969668694,29,5,22432.260000000013,98.83226210823163,99.32228566123567
2023-04-20,2023-04-20,HARD SELTZER,261.94999999999993,146,140,1.871071428571428,10,5,22432.260000000013,1.1677378917683718,0.6777143387643317
2023-04-21,2023-04-21,BEER,33256.08000000006,32297,2242,14.833220338983077,29,5,33546.57000000006,99.13406944435751,99.48558403154263
2023-04-21,2023-04-21,HARD SELTZER,290.4899999999998,167,133,2.184135338345863,10,5,33546.57000000006,0.8659305556424973,0.5144159684573681
2023-04-22,2023-04-22,BEER,37590.27999999991,36252,2262,16.61816091954019,29,5,37927.53999999991,99.11077807840951,99.48681357885782
2023-04-22,2023-04-22,HARD SELTZER,337.26,187,135,2.498222222222222,10,5,37927.53999999991,0.8892219215904874,0.5131864211421828
2023-04-23,2023-04-23,BEER,37034.01000000002,35738,2237,16.55521233795262,29,5,37350.69000000002,99.15214417725616,99.48777907688881
2023-04-23,2023-04-23,HARD SELTZER,316.68,184,152,2.083421052631579,10,5,37350.69000000002,0.8478558227438365,0.5122209231111854
2023-04-24,2023-04-24,BEER,17336.949999999997,16869,2139,8.105165965404392,29,5,17607.989999999998,98.46069880775715,99.10698548851418
2023-04-24,2023-04-24,HARD SELTZER,271.0400000000001,152,139,1.9499280575539575,10,5,17607.989999999998,1.5393011922428403,0.8930145114858117
2023-04-25,2023-04-25,BEER,23825.560000000005,22858,2163,11.015053166897829,29,5,24096.910000000003,98.87392200908748,99.32646764872028
2023-04-25,2023-04-25,HARD SELTZER,271.34999999999997,155,146,1.8585616438356163,10,5,24096.910000000003,1.1260779909125276,0.6735323512797114
2023-04-26,2023-04-26,BEER,23336.119999999977,22463,2137,10.920037435657454,29,5,23631.999999999978,98.74796885578876,99.25765542839467
2023-04-26,2023-04-26,HARD SELTZER,295.88,168,150,1.9725333333333332,10,5,23631.999999999978,1.2520311442112402,0.7423445716053201
2023-04-27,2023-04-27,BEER,23434.659999999985,22602,2189,10.705646413887614,29,5,23709.429999999986,98.84109402883156,99.29707407081979
2023-04-27,2023-04-27,HARD SELTZER,274.77,160,125,2.1981599999999997,10,5,23709.429999999986,1.1589059711684344,0.7029259291802126
2023-04-28,2023-04-28,BEER,34446.14,33299,2250,15.309395555555556,29,5,34770.84,99.06617153914029,99.44452740032851
2023-04-28,2023-04-28,HARD SELTZER,324.69999999999993,186,161,2.0167701863354033,10,5,34770.84,0.9338284608597317,0.5554725996714946
2023-04-29,2023-04-29,BEER,39812.25999999999,38656,2269,17.546170118995146,29,5,40157.499999999985,99.14028512731122,99.47759849713064
2023-04-29,2023-04-29,HARD SELTZER,345.24,203,141,2.4485106382978725,10,5,40157.499999999985,0.8597148726887882,0.5224015028693482
2023-04-30,2023-04-30,BEER,38241.329999999994,37478,2207,17.327290439510644,29,5,38659.979999999996,98.91709721525982,99.35052885507515
2023-04-30,2023-04-30,HARD SELTZER,418.6500000000001,245,172,2.4340116279069774,10,5,38659.979999999996,1.082902784740189,0.6494711449248469
2023-05-01,2023-05-01,BEER,22228.52999999995,21023,2277,9.76220026350459,29,5,22532.50999999995,98.65092703831041,99.2072106082771
2023-05-01,2023-05-01,HARD SELTZER,303.98,168,142,2.140704225352113,10,5,22532.50999999995,1.3490729616895796,0.7927893917229012
2023-05-02,2023-05-02,BEER,28198.990000000016,26473,2242,12.577604817127572,29,5,28624.880000000016,98.51216843529126,99.10156103769701
2023-05-02,2023-05-02,HARD SELTZER,425.8899999999999,240,179,2.379273743016759,10,5,28624.880000000016,1.4878315647087417,0.8984389623029986
2023-05-03,2023-05-03,BEER,30302.549999999985,28567,2313,13.100972762645908,29,5,30660.189999999984,98.83353625662463,99.29785533039035
2023-05-03,2023-05-03,HARD SELTZER,357.63999999999993,202,150,2.384266666666666,10,5,30660.189999999984,1.1664637433753675,0.7021446696096493
2023-05-04,2023-05-04,BEER,27760.32000000004,26164,2277,12.191620553359702,29,5,28093.29000000004,98.81477035975495,99.27904682401153
2023-05-04,2023-05-04,HARD SELTZER,332.9700000000001,190,166,2.0058433734939762,10,5,28093.29000000004,1.1852296402450535,0.7209531759884648
2023-05-05,2023-05-05,BEER,43616.88999999989,41144,2358,18.49740882103473,29,5,44063.89999999989,98.98554145229996,99.39844901311817
2023-05-05,2023-05-05,HARD SELTZER,447.0100000000003,249,184,2.429402173913045,10,5,44063.89999999989,1.0144585477000478,0.6015509868818399
2023-05-06,2023-05-06,BEER,47815.91000000007,44982,2416,19.79135347682122,29,5,48244.15000000007,99.11234833653407,99.46928486135067
2023-05-06,2023-05-06,HARD SELTZER,428.2399999999999,240,159,2.6933333333333325,10,5,48244.15000000007,0.8876516634659317,0.53071513864933
2023-05-07,2023-05-07,BEER,50065.700000000026,47260,2394,20.912990810359243,29,5,50560.57000000003,99.02123334448167,99.41938741164591
2023-05-07,2023-05-07,HARD SELTZER,494.8700000000002,276,167,2.9632934131736537,10,5,50560.57000000003,0.9787666555183218,0.5806125883540896
2023-05-08,2023-05-08,BEER,22590.23000000003,21557,2263,9.982425983208143,29,5,22915.760000000028,98.57944925239225,99.15823367065317
2023-05-08,2023-05-08,HARD SELTZER,325.53,183,168,1.9376785714285714,10,5,22915.760000000028,1.4205507476077581,0.841766329346826
2023-05-09,2023-05-09,BEER,28358.329999999944,26932,2227,12.733870678042184,29,5,28787.179999999942,98.51027436518616,99.09850241012622
2023-05-09,2023-05-09,HARD SELTZER,428.8499999999998,245,191,2.245287958115182,10,5,28787.179999999942,1.4897256348138326,0.9014975898737904
2023-05-10,2023-05-10,BEER,28754.960000000025,27218,2229,12.900385823239132,29,5,29157.320000000025,98.62003778125012,99.16927785469649
2023-05-10,2023-05-10,HARD SELTZER,402.36000000000007,228,193,2.0847668393782386,10,5,29157.320000000025,1.3799622187498706,0.8307221453035051
2023-05-11,2023-05-11,BEER,28053.310000000052,26517,2291,12.245006547359255,29,5,28498.800000000054,98.43681137451401,99.06971531046851
2023-05-11,2023-05-11,HARD SELTZER,445.49000000000007,249,178,2.5027528089887645,10,5,28498.800000000054,1.5631886254859826,0.9302846895314952
2023-05-12,2023-05-12,BEER,42318.00999999997,39455,2388,17.72110971524287,29,5,42714.06999999997,99.07276454807514,99.39038214474645
2023-05-12,2023-05-12,HARD SELTZER,396.06000000000006,242,166,2.3859036144578316,10,5,42714.06999999997,0.9272354519248583,0.6096178552535456
2023-05-13,2023-05-13,BEER,48273.45000000006,45560,2367,20.39435994930294,29,5,48849.88000000006,98.81999710132348,99.30469277883127
2023-05-13,2023-05-13,HARD SELTZER,576.4300000000001,319,200,2.88215,10,5,48849.88000000006,1.1800028986765152,0.6953072211687265
2023-05-14,2023-05-14,BEER,47540.680000000095,44724,2373,20.033999157185036,29,5,48131.9400000001,98.77158493923162,99.24992232923528
2023-05-14,2023-05-14,HARD SELTZER,591.2600000000002,338,184,3.2133695652173926,10,5,48131.9400000001,1.2284150607683775,0.7500776707647242
2023-05-15,2023-05-15,BEER,20809.559999999987,19752,2288,9.095087412587407,29,5,21151.309999999987,98.38426083301695,99.0422704708419
2023-05-15,2023-05-15,HARD SELTZER,341.75,191,168,2.0342261904761907,10,5,21151.309999999987,1.615739166983039,0.9577295291581005
2023-05-16,2023-05-16,BEER,28107.439999999948,26449,2285,12.300849015317263,29,5,28518.849999999948,98.5574102742572,99.14161481370417
2023-05-16,2023-05-16,HARD SELTZER,411.4099999999999,229,178,2.31129213483146,10,5,28518.849999999948,1.4425897257428006,0.8583851862958243
2023-05-17,2023-05-17,BEER,28395.57999999997,27106,2281,12.448741779921074,29,5,28803.46999999997,98.58388589985859,99.1441111923921
2023-05-17,2023-05-17,HARD SELTZER,407.8900000000002,234,171,2.3853216374269017,10,5,28803.46999999997,1.4161141001414088,0.8558888076079005
2023-05-18,2023-05-18,BEER,29796.80999999999,28066,2266,13.149518976169457,29,5,30258.71999999999,98.47346483922651,99.13111048318734
2023-05-18,2023-05-18,HARD SELTZER,461.90999999999974,246,181,2.551988950276242,10,5,30258.71999999999,1.526535160773489,0.8688895168126589
2023-05-19,2023-05-19,BEER,43407.08999999996,41188,2341,18.542114480991014,29,5,43949.83999999996,98.76506945190245,99.25058435143016
2023-05-19,2023-05-19,HARD SELTZER,542.7499999999998,311,180,3.0152777777777766,10,5,43949.83999999996,1.234930548097559,0.749415648569845
2023-05-20,2023-05-20,BEER,50547.46999999991,47288,2387,21.176149979053164,29,5,51166.499999999905,98.79016544027832,99.31949928589431
2023-05-20,2023-05-20,HARD SELTZER,619.0299999999997,324,166,3.7290963855421673,10,5,51166.499999999905,1.2098345597216946,0.6805007141056876
2023-05-21,2023-05-21,BEER,50379.1100000001,47249,2407,20.930249272953926,29,5,50924.7800000001,98.9284784342711,99.35862388022038
2023-05-21,2023-05-21,HARD SELTZER,545.6699999999998,305,189,2.887142857142856,10,5,50924.7800000001,1.0715215657289021,0.641376119779619
2023-05-22,2023-05-22,BEER,22427.539999999957,21449,2274,9.86259454705363,29,5,22781.679999999957,98.44550533586637,99.03957150113128
2023-05-22,2023-05-22,HARD SELTZER,354.1399999999998,208,170,2.083176470588234,10,5,22781.679999999957,1.5544946641336395,0.9604284988687259
2023-05-23,2023-05-23,BEER,28207.33,26742,2242,12.581324710080287,29,5,28648.86,98.45882174718297,99.08114116339385
2023-05-23,2023-05-23,HARD SELTZER,441.5299999999999,248,186,2.373817204301075,10,5,28648.86,1.5411782528170401,0.9188588366061505
2023-05-24,2023-05-24,BEER,29217.139999999945,27504,2278,12.825785776997343,29,5,29576.309999999943,98.7856159203092,99.2422602294869
2023-05-24,2023-05-24,HARD SELTZER,359.16999999999985,210,163,2.2034969325153364,10,5,29576.309999999943,1.2143840796908085,0.7577397705130982
2023-05-25,2023-05-25,BEER,30738.429999999968,28917,2397,12.82370880266999,29,5,31248.87999999997,98.36650145541216,99.02403944935278
2023-05-25,2023-05-25,HARD SELTZER,510.45000000000005,285,198,2.578030303030303,10,5,31248.87999999997,1.63349854458784,0.9759605506472159
2023-05-26,2023-05-26,BEER,46269.31000000003,43484,2529,18.295496243574547,29,5,46878.050000000025,98.70143915969201,99.21737741574829
2023-05-26,2023-05-26,HARD SELTZER,608.74,343,194,3.137835051546392,10,5,46878.050000000025,1.29856084030799,0.7826225842517169
2023-05-27,2023-05-27,BEER,54588.35000000013,51769,2536,21.525374605678284,29,5,55324.95000000013,98.66859346461226,99.20283606400307
2023-05-27,2023-05-27,HARD SELTZER,736.6000000000001,416,231,3.1887445887445893,10,5,55324.95000000013,1.3314065353877382,0.797163935996934
2023-05-28,2023-05-28,BEER,56011.04000000009,52685,2582,21.69288923315263,29,5,56658.61000000009,98.85706691357237,99.33069381598794
2023-05-28,2023-05-28,HARD SELTZER,647.57,355,199,3.2541206030150756,10,5,56658.61000000009,1.1429330864276392,0.6693061840120663
2023-05-29,2023-05-29,BEER,25904.609999999942,24618,2418,10.71323821339948,29,5,26331.81999999994,98.37759030708854,99.03451605117066
2023-05-29,2023-05-29,HARD SELTZER,427.21,240,198,2.1576262626262626,10,5,26331.81999999994,1.6224096929114695,0.9654839488293506
2023-05-30,2023-05-30,BEER,31624.25999999995,30066,2485,12.726060362173019,29,5,32049.729999999952,98.67246931565413,99.22117351989968
2023-05-30,2023-05-30,HARD SELTZER,425.46999999999997,236,173,2.459364161849711,10,5,32049.729999999952,1.3275306843458605,0.7788264801003234
2023-05-31,2023-05-31,BEER,32818.530000000035,30718,2431,13.500012340600591,29,5,33210.490000000034,98.81977050022448,99.27927345593226
2023-05-31,2023-05-31,HARD SELTZER,391.96,223,168,2.333095238095238,10,5,33210.490000000034,1.1802294997755214,0.7207265440677418
2023-06-01,2023-06-01,BEER,35924.709999999985,34356,2401,14.962394835485208,29,5,36494.789999999986,98.43791401457578,99.06860059401944
2023-06-01,2023-06-01,HARD SELTZER,570.0799999999997,323,196,2.908571428571427,10,5,36494.789999999986,1.5620859854242206,0.9313994059805646
2023-06-02,2023-06-02,BEER,55555.94000000012,51941,2552,21.769568965517287,29,5,56350.06000000012,98.59073796904563,99.14485865353414
2023-06-02,2023-06-02,HARD SELTZER,794.1199999999994,448,215,3.6935813953488346,10,5,56350.06000000012,1.4092620309543553,0.855141346465861
2023-06-03,2023-06-03,BEER,63530.530000000006,60299,2563,24.787565353101837,29,5,64406.29000000001,98.6402570307962,99.18414343284809
2023-06-03,2023-06-03,HARD SELTZER,875.7600000000001,496,193,4.537616580310881,10,5,64406.29000000001,1.3597429692037843,0.8158565671519039
2023-06-04,2023-06-04,BEER,65779.03000000001,62452,2591,25.387506754148983,29,5,66740.13000000002,98.55993687755776,99.15219255072556
2023-06-04,2023-06-04,HARD SELTZER,961.0999999999998,534,197,4.878680203045684,10,5,66740.13000000002,1.440063122442224,0.8478074492744418
2023-06-05,2023-06-05,BEER,30619.899999999976,28896,2465,12.421866125760639,29,5,31079.439999999977,98.5214019300219,99.1320456962503
2023-06-05,2023-06-05,HARD SELTZER,459.53999999999985,253,177,2.5962711864406773,10,5,31079.439999999977,1.4785980699780954,0.8679543037496998
2023-06-06,2023-06-06,BEER,39423.680000000015,37482,2456,16.051986970684045,29,5,39950.06000000001,98.68240498262081,99.2191015697382
2023-06-06,2023-06-06,HARD SELTZER,526.3800000000003,295,193,2.7273575129533696,10,5,39950.06000000001,1.3175950173791984,0.7808984302617995
2023-06-07,2023-06-07,BEER,38920.72999999993,36723,2461,15.815006095083271,29,5,39541.55999999993,98.42993043268903,99.06660551943672
2023-06-07,2023-06-07,HARD SELTZER,620.8299999999995,346,192,3.2334895833333306,10,5,39541.55999999993,1.570069567310952,0.933394480563274
2023-06-08,2023-06-08,BEER,39472.06999999991,36965,2479,15.92257765227911,29,5,39995.079999999914,98.69231415464101,99.20027909722782
2023-06-08,2023-06-08,HARD SELTZER,523.0099999999999,298,181,2.889558011049723,10,5,39995.079999999914,1.3076858453589817,0.7997209027721868
2023-06-09,2023-06-09,BEER,55726.720000000125,52718,2609,21.35941740130323,29,5,56560.10000000012,98.52655847496735,99.09584766630952
2023-06-09,2023-06-09,HARD SELTZER,833.3799999999993,481,204,4.085196078431369,10,5,56560.10000000012,1.47344152503266,0.904152333690483
2023-06-10,2023-06-10,BEER,64779.099999999955,61701,2579,25.11791392012406,29,5,65796.57999999996,98.45359743621933,99.1037440370067
2023-06-10,2023-06-10,HARD SELTZER,1017.48,558,228,4.462631578947368,10,5,65796.57999999996,1.5464025637806715,0.8962559629933022
2023-06-11,2023-06-11,BEER,66077.17999999983,62431,2610,25.31692720306507,29,5,66936.61999999984,98.71603914269946,99.22439962491457
2023-06-11,2023-06-11,HARD SELTZER,859.4399999999997,488,198,4.340606060606059,10,5,66936.61999999984,1.2839608573005357,0.7756003750854273
2023-06-12,2023-06-12,BEER,30244.359999999982,28657,2482,12.185479452054787,29,5,30822.579999999984,98.12403763734248,98.8888505469478
2023-06-12,2023-06-12,HARD SELTZER,578.2199999999999,322,213,2.7146478873239435,10,5,30822.579999999984,1.8759623626575068,1.1111494530522101
2023-06-13,2023-06-13,BEER,39945.19999999997,37216,2521,15.844982149940487,29,5,40555.54999999997,98.49502719109961,99.06566933745043
2023-06-13,2023-06-13,HARD SELTZER,610.3500000000003,351,202,3.0215346534653476,10,5,40555.54999999997,1.5049728089003866,0.9343306625495781
2023-06-14,2023-06-14,BEER,38278.97999999999,36334,2477,15.453766653209524,29,5,38900.94999999999,98.40114444505855,99.07561421209064
2023-06-14,2023-06-14,HARD SELTZER,621.9700000000003,339,224,2.7766517857142867,10,5,38900.94999999999,1.5988555549414611,0.9243857879093611
2023-06-15,2023-06-15,BEER,40456.700000000004,37880,2516,16.07976947535771,29,5,41116.090000000004,98.39627260276937,98.98351145836055
2023-06-15,2023-06-15,HARD SELTZER,659.39,389,199,3.3135175879396983,10,5,41116.090000000004,1.6037273972306216,1.0164885416394471
2023-06-16,2023-06-16,BEER,56286.70000000002,53400,2602,21.63209069946196,29,5,57037.55000000002,98.68358651449792,99.201188928107
2023-06-16,2023-06-16,HARD SELTZER,750.8499999999998,430,207,3.627294685990337,10,5,57037.55000000002,1.316413485502094,0.7988110718929966
2023-06-17,2023-06-17,BEER,66672.97,61827,2612,25.5256393568147,29,5,67754.67,98.40350488018021,99.03411821239789
2023-06-17,2023-06-17,HARD SELTZER,1081.7000000000003,603,222,4.872522522522524,10,5,67754.67,1.5964951198197856,0.9658817876021143
2023-06-18,2023-06-18,BEER,70321.4500000001,65512,2654,26.496401657874944,29,5,71281.99000000009,98.65247869763458,99.18096074364526
2023-06-18,2023-06-18,HARD SELTZER,960.5400000000002,541,199,4.826834170854272,10,5,71281.99000000009,1.3475213023654347,0.8190392563547455
2023-06-19,2023-06-19,BEER,32212.86000000006,30382,2526,12.752517814726865,29,5,32826.39000000006,98.13098546626662,98.89008234872897
2023-06-19,2023-06-19,HARD SELTZER,613.53,341,199,3.083065326633166,10,5,32826.39000000006,1.869014533733374,1.1099176512710347
2023-06-20,2023-06-20,BEER,39030.41000000008,36923,2502,15.599684252597955,29,5,39666.350000000086,98.39677711712824,99.06364026615154
2023-06-20,2023-06-20,HARD SELTZER,635.9399999999999,349,207,3.072173913043478,10,5,39666.350000000086,1.6032228828717503,0.9363597338484653
2023-06-21,2023-06-21,BEER,39173.82000000004,36827,2489,15.738778625954216,29,5,39817.52000000004,98.38337495655179,99.00795784492956
2023-06-21,2023-06-21,HARD SELTZER,643.7,369,209,3.079904306220096,10,5,39817.52000000004,1.6166250434482092,0.9920421550704377
2023-06-22,2023-06-22,BEER,39610.909999999894,36829,2524,15.693704437400909,29,5,40251.9199999999,98.40750453642956,99.05327990102471
2023-06-22,2023-06-22,HARD SELTZER,641.0099999999999,352,209,3.067033492822966,10,5,40251.9199999999,1.5924954635704374,0.9467200989752831
2023-06-23,2023-06-23,BEER,57159.720000000154,53272,2602,21.96760953112996,29,5,57927.82000000015,98.67403952021672,99.19189662235132
2023-06-23,2023-06-23,HARD SELTZER,768.0999999999999,434,215,3.572558139534883,10,5,57927.82000000015,1.3259604797832854,0.8081033776486798
2023-06-24,2023-06-24,BEER,70766.71999999994,66794,2646,26.74479213907783,29,5,71827.16999999994,98.52360882379189,99.0979496157384
2023-06-24,2023-06-24,HARD SELTZER,1060.4500000000005,608,227,4.671585903083702,10,5,71827.16999999994,1.4763911762081137,0.9020503842615947
2023-06-25,2023-06-25,BEER,66918.73,63208,2651,25.24282534892493,29,5,67860.95,98.61154316289412,99.16380351735931
2023-06-25,2023-06-25,HARD SELTZER,942.2200000000004,533,223,4.225201793721975,10,5,67860.95,1.3884568371058768,0.8361964826406866
2023-06-26,2023-06-26,BEER,32931.91000000003,31232,2520,13.068218253968267,29,5,33440.490000000034,98.47914907945427,99.08629441624366
2023-06-26,2023-06-26,HARD SELTZER,508.57999999999987,288,204,2.4930392156862737,10,5,33440.490000000034,1.5208509205457197,0.9137055837563453
2023-06-27,2023-06-27,BEER,40008.06999999992,37747,2522,15.863628072957939,29,5,40660.64999999992,98.39505762942795,99.02930450979878
2023-06-27,2023-06-27,HARD SELTZER,652.5800000000005,370,198,3.2958585858585883,10,5,40660.64999999992,1.6049423705720438,0.9706954902012226
2023-06-28,2023-06-28,BEER,40247.339999999815,38339,2496,16.124735576923,29,5,40879.17999999981,98.45437212781665,99.07230347821593
2023-06-28,2023-06-28,HARD SELTZER,631.84,359,217,2.911705069124424,10,5,40879.17999999981,1.5456278721833534,0.9276965217840716
2023-06-29,2023-06-29,BEER,44878.88000000002,42459,2791,16.07985668219277,29,5,45572.470000000016,98.47805045458367,99.07595379768989
2023-06-29,2023-06-29,HARD SELTZER,693.59,396,232,2.9896120689655175,10,5,45572.470000000016,1.521949545416344,0.9240462023101155
2023-06-30,2023-06-30,BEER,65798.30000000005,61997,2914,22.580061770761855,29,5,66781.77000000005,98.52733762522317,99.09847988363357
2023-06-30,2023-06-30,HARD SELTZER,983.4700000000003,564,245,4.014163265306124,10,5,66781.77000000005,1.4726623747768284,0.9015201163664264
2023-07-01,2023-07-01,BEER,74704.81999999985,70347,2921,25.57508387538509,29,5,75824.69999999985,98.5230670216961,99.10401081949199
2023-07-01,2023-07-01,HARD SELTZER,1119.8799999999997,636,243,4.608559670781892,10,5,75824.69999999985,1.476932978303906,0.8959891805080089
2023-07-02,2023-07-02,BEER,75185.28000000007,70711,2929,25.669265961078892,29,5,76364.84000000007,98.45536244166819,99.07525465525214
2023-07-02,2023-07-02,HARD SELTZER,1179.5599999999997,660,265,4.451169811320754,10,5,76364.84000000007,1.544637558331817,0.9247453447478668
2023-07-03,2023-07-03,BEER,35538.88999999994,33504,2768,12.839194364161829,29,5,36062.14999999994,98.54900498167746,99.0334308770063
2023-07-03,2023-07-03,HARD SELTZER,523.2600000000002,327,221,2.367692307692309,10,5,36062.14999999994,1.4509950183225377,0.966569122993704
2023-07-04,2023-07-04,BEER,42898.47999999999,40671,2762,15.531672700941343,29,5,43581.34999999999,98.43311416465987,98.96824431196009
2023-07-04,2023-07-04,HARD SELTZER,682.87,424,257,2.657081712062257,10,5,43581.34999999999,1.566885835340117,1.0317556880399075
2023-07-05,2023-07-05,BEER,46338.43000000002,43257,2803,16.531726721369967,29,5,47005.00000000002,98.58191681735985,99.04519851627971
2023-07-05,2023-07-05,HARD SELTZER,666.5700000000002,417,241,2.7658506224066395,10,5,47005.00000000002,1.4180831826401443,0.9548014837202912
2023-07-06,2023-07-06,BEER,43270.369999999966,41082,2740,15.792105839416045,29,5,43994.56999999996,98.35388776387633,98.95461990557857
2023-07-06,2023-07-06,HARD SELTZER,724.1999999999992,434,262,2.7641221374045775,10,5,43994.56999999996,1.6461122361236848,1.045380094421428
2023-07-07,2023-07-07,BEER,66473.51999999987,63385,2885,23.04108145580585,29,5,67408.82999999987,98.61248148054194,99.10564910799444
2023-07-07,2023-07-07,HARD SELTZER,935.3100000000005,572,237,3.9464556962025337,10,5,67408.82999999987,1.3875185194580626,0.8943508920055663
2023-07-08,2023-07-08,BEER,72972.56999999992,69062,2887,25.276262556286774,29,5,74127.96999999991,98.44134407026121,98.9795625877834
2023-07-08,2023-07-08,HARD SELTZER,1155.4,712,277,4.171119133574008,10,5,74127.96999999991,1.5586559297388036,1.020437412216585
2023-07-09,2023-07-09,BEER,64756.88,60952,2576,25.138540372670807,29,5,65900.15,98.26514810664317,98.84054680785509
2023-07-09,2023-07-09,HARD SELTZER,1143.27,715,238,4.8036554621848735,10,5,65900.15,1.7348518933568438,1.1594531921449074
2023-07-10,2023-07-10,BEER,29902.050000000007,28052,2439,12.259963099631,29,5,30425.410000000007,98.27985884167214,98.88606880992667
2023-07-10,2023-07-10,HARD SELTZER,523.3600000000002,316,219,2.389771689497718,10,5,30425.410000000007,1.7201411583278585,1.1139311900733222
2023-07-11,2023-07-11,BEER,38592.379999999925,36324,2453,15.732727272727242,29,5,39307.029999999926,98.18187738936265,98.78168171434787
2023-07-11,2023-07-11,HARD SELTZER,714.6499999999997,448,251,2.847211155378485,10,5,39307.029999999926,1.8181226106373367,1.2183182856521266
2023-07-12,2023-07-12,BEER,36742.249999999935,34629,2500,14.696899999999975,29,5,37335.11999999994,98.41203135278525,98.96262002743484
2023-07-12,2023-07-12,HARD SELTZER,592.8700000000002,363,216,2.7447685185185198,10,5,37335.11999999994,1.5879686472147436,1.0373799725651578
2023-07-13,2023-07-13,BEER,37133.52000000003,35190,2442,15.20619164619166,29,5,37854.310000000034,98.09588392972954,98.7207540818044
2023-07-13,2023-07-13,HARD SELTZER,720.7899999999998,456,228,3.161359649122806,10,5,37854.310000000034,1.9041160702704638,1.27924591819559
2023-07-14,2023-07-14,BEER,56007.87000000007,52901,2562,21.860995316159276,29,5,57172.90000000007,97.96226883715887,98.64068618310647
2023-07-14,2023-07-14,HARD SELTZER,1165.0300000000002,729,246,4.73589430894309,10,5,57172.90000000007,2.0377311628411343,1.3593138168935297
2023-07-15,2023-07-15,BEER,66500.58999999991,62739,2545,26.12989783889977,29,5,67767.41999999991,98.13062087947276,98.76735619155568
2023-07-15,2023-07-15,HARD SELTZER,1266.829999999999,783,266,4.762518796992477,10,5,67767.41999999991,1.8693791205272396,1.2326438084443185
2023-07-16,2023-07-16,BEER,67074.41,63279,2522,26.59572164948454,29,5,68286.84000000001,98.22450416507778,98.83328647736856
2023-07-16,2023-07-16,HARD SELTZER,1212.4300000000019,747,245,4.948693877551028,10,5,68286.84000000001,1.7754958349222218,1.166713522631431
2023-07-17,2023-07-17,BEER,31031.17999999993,29252,2445,12.691689161554164,29,5,31570.97999999993,98.29020195128564,98.90117320891233
2023-07-17,2023-07-17,HARD SELTZER,539.8000000000004,325,220,2.4536363636363654,10,5,31570.97999999993,1.7097980487143623,1.0988267910876695
2023-07-18,2023-07-18,BEER,41041.09000000014,37881,2453,16.730978393803564,29,5,41764.19000000014,98.26861241652239,98.85438413361169
2023-07-18,2023-07-18,HARD SELTZER,723.0999999999997,439,226,3.1995575221238926,10,5,41764.19000000014,1.7313875834776091,1.145615866388309
2023-07-19,2023-07-19,BEER,38667.18000000008,35915,2437,15.866713171932737,29,5,39466.99000000008,97.9734709943677,98.64861153074959
2023-07-19,2023-07-19,HARD SELTZER,799.8099999999997,492,223,3.58659192825112,10,5,39466.99000000008,2.0265290056322973,1.3513884692504188
2023-07-20,2023-07-20,BEER,39272.789999999986,36877,2391,16.425257214554573,29,5,39976.459999999985,98.23978911589471,98.85270071036054
2023-07-20,2023-07-20,HARD SELTZER,703.67,428,254,2.770354330708661,10,5,39976.459999999985,1.7602108841052966,1.1472992896394585
2023-07-21,2023-07-21,BEER,55056.12999999982,51853,2516,21.882404610492774,29,5,56125.499999999825,98.09468067099624,98.74128803747571
2023-07-21,2023-07-21,HARD SELTZER,1069.3700000000001,661,246,4.347032520325204,10,5,56125.499999999825,1.9053193290037567,1.2587119625242793
2023-07-22,2023-07-22,BEER,61900.75999999994,57853,2506,24.701021548284093,29,5,63069.289999999935,98.14722823104557,98.76907843070303
2023-07-22,2023-07-22,HARD SELTZER,1168.5299999999997,721,247,4.730890688259108,10,5,63069.289999999935,1.8527717689544323,1.2309215692969577
2023-07-23,2023-07-23,BEER,61580.31000000005,57960,2484,24.79078502415461,29,5,63021.05000000005,97.71387496717368,98.52451213707758
2023-07-23,2023-07-23,HARD SELTZER,1440.7399999999996,868,277,5.201227436823103,10,5,63021.05000000005,2.286125032826331,1.475487862922418
2023-07-24,2023-07-24,BEER,28576.10999999999,26724,2414,11.83765948632974,29,5,29198.71999999999,97.86768050106306,98.60163081577686
2023-07-24,2023-07-24,HARD SELTZER,622.61,379,233,2.672145922746781,10,5,29198.71999999999,2.1323194989369405,1.3983691842231487
2023-07-25,2023-07-25,BEER,37557.77000000004,35210,2417,15.539002896152272,29,5,38332.34000000004,97.97933024699249,98.71593585286531
2023-07-25,2023-07-25,HARD SELTZER,774.5700000000003,458,238,3.254495798319329,10,5,38332.34000000004,2.0206697530075113,1.2840641471346865
2023-07-26,2023-07-26,BEER,38353.159999999996,36082,2367,16.203278411491336,29,5,39135.21,98.00167164044858,98.6925601750547
2023-07-26,2023-07-26,HARD SELTZER,782.05,478,255,3.0668627450980392,10,5,39135.21,1.9983283595514114,1.3074398249452954
2023-07-27,2023-07-27,BEER,35594.68999999996,33181,2385,14.924398322851136,29,5,36396.249999999956,97.79768520108529,98.57987462491458
2023-07-27,2023-07-27,HARD SELTZER,801.5600000000003,478,238,3.3678991596638665,10,5,36396.249999999956,2.2023147989147267,1.4201253750854155
2023-07-28,2023-07-28,BEER,54367.12999999999,50637,2462,22.08250609260763,29,5,55480.59999999999,97.99304621795727,98.62109260882266
2023-07-28,2023-07-28,HARD SELTZER,1113.4699999999996,708,262,4.249885496183205,10,5,55480.59999999999,2.0069537820427317,1.3789073911773297
2023-07-29,2023-07-29,BEER,63603.430000000015,59712,2512,25.319836783439495,29,5,64752.970000000016,98.22473007801804,98.76935291782453
2023-07-29,2023-07-29,HARD SELTZER,1149.5399999999995,744,243,4.7306172839506155,10,5,64752.970000000016,1.7752699219819559,1.2306470821754665
2023-07-30,2023-07-30,BEER,62965.420000000006,58976,2466,25.533422546634228,29,5,64474.990000000005,97.65867354147709,98.47386875939222
2023-07-30,2023-07-30,HARD SELTZER,1509.5700000000013,914,288,5.241562500000004,10,5,64474.990000000005,2.341326458522911,1.526131240607781
2023-07-31,2023-07-31,BEER,28681.66000000003,26872,2329,12.315010734220708,29,5,29431.82000000003,97.45119397984902,98.26306359015614
2023-07-31,2023-07-31,HARD SELTZER,750.1600000000003,475,270,2.7783703703703715,10,5,29431.82000000003,2.548806020150978,1.7369364098438584
2023-08-01,2023-08-01,BEER,35897.100000000035,33749,2345,15.30793176972283,29,5,36550.460000000036,98.21244383791613,98.77370639194568
2023-08-01,2023-08-01,HARD SELTZER,653.3599999999997,419,253,2.5824505928853743,10,5,36550.460000000036,1.7875561620838671,1.2262936080543199
2023-08-02,2023-08-02,BEER,35460.49999999999,33494,2378,14.9119007569386,29,5,36128.12999999999,98.15204938644763,98.77031051871074
2023-08-02,2023-08-02,HARD SELTZER,667.6300000000001,417,236,2.828940677966102,10,5,36128.12999999999,1.8479506135523769,1.2296894812892571
2023-08-03,2023-08-03,BEER,36426.54000000003,34339,2359,15.441517592200098,29,5,37190.96000000003,97.94460804453557,98.68379457999252
2023-08-03,2023-08-03,HARD SELTZER,764.4199999999998,458,250,3.0576799999999995,10,5,37190.96000000003,2.055391955464444,1.3162054200074718
2023-08-04,2023-08-04,BEER,51054.029999999955,48074,2450,20.838379591836716,29,5,52207.43999999995,97.79071718513683,98.5102764287617
2023-08-04,2023-08-04,HARD SELTZER,1153.4099999999996,727,261,4.4191954022988496,10,5,52207.43999999995,2.2092828148631702,1.4897235712382944
2023-08-05,2023-08-05,BEER,62633.36000000001,58477,2402,26.075503746877605,29,5,63883.97000000001,98.04237275798609,98.72201776007023
2023-08-05,2023-08-05,HARD SELTZER,1250.6100000000001,757,263,4.755171102661597,10,5,63883.97000000001,1.95762724201392,1.27798223992977
2023-08-06,2023-08-06,BEER,64184.5800000001,60284,2455,26.144431771894137,29,5,65393.3300000001,98.15156989252574,98.75661418999722
2023-08-06,2023-08-06,HARD SELTZER,1208.75,759,257,4.703307392996109,10,5,65393.3300000001,1.848430107474261,1.243385810002785
2023-08-07,2023-08-07,BEER,27767.83000000002,25801,2313,12.00511456982275,29,5,28555.36000000002,97.24209395363953,98.09893159955895
2023-08-07,2023-08-07,HARD SELTZER,787.5299999999999,500,285,2.763263157894736,10,5,28555.36000000002,2.7579060463604708,1.9010684004410479
2023-08-08,2023-08-08,BEER,33690.68999999999,31976,2320,14.52184913793103,29,5,34469.499999999985,97.74058225387662,98.49679645145392
2023-08-08,2023-08-08,HARD SELTZER,778.8100000000005,488,247,3.153076923076925,10,5,34469.499999999985,2.259417746123387,1.5032035485460817
2023-08-09,2023-08-09,BEER,33770.340000000026,31446,2253,14.989054593874846,29,5,34596.92000000003,97.61082778466985,98.40713503364105
2023-08-09,2023-08-09,HARD SELTZER,826.5800000000008,509,285,2.900280701754389,10,5,34596.92000000003,2.3891722153301513,1.5928649663589423
2023-08-10,2023-08-10,BEER,34853.16000000007,32563,2340,14.89451282051285,29,5,35623.46000000007,97.83766091221908,98.55927842852387
2023-08-10,2023-08-10,HARD SELTZER,770.2999999999998,476,257,2.9972762645914393,10,5,35623.46000000007,2.1623390877809125,1.4407215714761343
2023-08-11,2023-08-11,BEER,50760.76000000002,47213,2359,21.51791437049598,29,5,51991.860000000015,97.63212933716933,98.43629464378793
2023-08-11,2023-08-11,HARD SELTZER,1231.1,750,270,4.5596296296296295,10,5,51991.860000000015,2.3678706628306805,1.5637053562120802
2023-08-12,2023-08-12,BEER,58467.590000000004,54867,2392,24.44297240802676,29,5,59773.840000000004,97.81467946513057,98.58059183930143
2023-08-12,2023-08-12,HARD SELTZER,1306.2500000000011,790,290,4.50431034482759,10,5,59773.840000000004,2.1853205348694362,1.4194081606985645
2023-08-13,2023-08-13,BEER,56654.360000000044,53064,2400,23.605983333333352,29,5,58336.57000000004,97.11637142876243,98.08140179660641
2023-08-13,2023-08-13,HARD SELTZER,1682.2100000000007,1038,274,6.139452554744528,10,5,58336.57000000004,2.8836285712375607,1.91859820339359
2023-08-14,2023-08-14,BEER,27192.589999999953,25467,2243,12.123312527864446,29,5,27861.069999999952,97.60066644963743,98.38136444410107
2023-08-14,2023-08-14,HARD SELTZER,668.4800000000001,419,276,2.422028985507247,10,5,27861.069999999952,2.3993335503625715,1.6186355558989416
2023-08-15,2023-08-15,BEER,36604.96000000003,34622,2312,15.832595155709354,29,5,37441.770000000026,97.76503621490117,98.50066858232097
2023-08-15,2023-08-15,HARD SELTZER,836.8099999999997,527,257,3.256070038910505,10,5,37441.770000000026,2.234963785098832,1.4993314176790236
2023-08-16,2023-08-16,BEER,32376.669999999973,30364,2247,14.408842901646628,29,5,33323.13999999997,97.15972144281722,98.13198888242518
2023-08-16,2023-08-16,HARD SELTZER,946.4699999999995,578,284,3.332640845070421,10,5,33323.13999999997,2.840278557182787,1.8680111175748175
2023-08-17,2023-08-17,BEER,31802.1899999999,30226,2260,14.071765486725619,29,5,32584.7199999999,97.59847560451647,98.42717118759973
2023-08-17,2023-08-17,HARD SELTZER,782.5299999999995,483,275,2.8455636363636345,10,5,32584.7199999999,2.4015243954835332,1.5728288124002736
2023-08-18,2023-08-18,BEER,49460.01000000002,46049,2294,21.560597210113347,29,5,50730.77000000002,97.49509025784549,98.32806627946702
2023-08-18,2023-08-18,HARD SELTZER,1270.7599999999995,783,303,4.193927392739273,10,5,50730.77000000002,2.504909742154513,1.6719337205329687
2023-08-19,2023-08-19,BEER,53902.37000000012,50524,2289,23.548435998252565,29,5,55909.640000000116,96.40979623549714,97.64412577546722
2023-08-19,2023-08-19,HARD SELTZER,2007.2699999999995,1219,332,6.045993975903613,10,5,55909.640000000116,3.5902037645028577,2.355874224532787
2023-08-20,2023-08-20,BEER,59039.61000000003,55471,2354,25.080548003398484,29,5,60495.61000000003,97.59321378857078,98.44185344904079
2023-08-20,2023-08-20,HARD SELTZER,1456.0000000000011,878,295,4.935593220338987,10,5,60495.61000000003,2.4067862114292264,1.5581465509592007
2023-08-21,2023-08-21,BEER,25774.98999999988,24269,2242,11.496427297056147,29,5,26530.439999999882,97.15251612864316,98.13983582029196
2023-08-21,2023-08-21,HARD SELTZER,755.4499999999998,460,278,2.717446043165467,10,5,26530.439999999882,2.8474838713568382,1.8601641797080353
2023-08-22,2023-08-22,BEER,30691.94000000003,29019,2173,14.124224574321229,29,5,31706.37000000003,96.80054828099212,97.84543799312159
2023-08-22,2023-08-22,HARD SELTZER,1014.4299999999998,639,312,3.2513782051282045,10,5,31706.37000000003,3.19945171900788,2.154562006878414
2023-08-23,2023-08-23,BEER,33126.790000000015,31351,2236,14.815201252236143,29,5,34172.930000000015,96.93868802002052,98.06994494494494
2023-08-23,2023-08-23,HARD SELTZER,1046.14,617,281,3.7229181494661927,10,5,34172.930000000015,3.061311979979474,1.930055055055055
2023-08-24,2023-08-24,BEER,33100.98000000004,31060,2248,14.724635231316743,29,5,33918.73000000004,97.58909015756191,98.42507209177045
2023-08-24,2023-08-24,HARD SELTZER,817.7499999999997,497,254,3.2194881889763765,10,5,33918.73000000004,2.4109098424380826,1.5749279082295529
2023-08-25,2023-08-25,BEER,48645.50999999989,45663,2320,20.967892241379264,29,5,49909.77999999989,97.46688925497166,98.34593267429088
2023-08-25,2023-08-25,HARD SELTZER,1264.2699999999998,768,294,4.300238095238094,10,5,49909.77999999989,2.5331107450283343,1.6540673257091167
2023-08-26,2023-08-26,BEER,52684.53000000003,50228,2325,22.66001290322582,29,5,54333.550000000025,96.96500596776762,97.99246932126344
2023-08-26,2023-08-26,HARD SELTZER,1649.0200000000002,1029,303,5.442310231023103,10,5,54333.550000000025,3.034994032232386,2.007530678736563
2023-08-27,2023-08-27,BEER,54039.38,50184,2335,23.143203426124195,29,5,55462.71,97.43371717682024,98.30747531734838
2023-08-27,2023-08-27,HARD SELTZER,1423.33,864,295,4.8248474576271185,10,5,55462.71,2.5662828231797543,1.692524682651622
2023-08-28,2023-08-28,BEER,26678.11999999999,25286,2320,11.49918965517241,29,5,27614.249999999993,96.60997492236798,97.7312256019789
2023-08-28,2023-08-28,HARD SELTZER,936.1299999999999,587,348,2.6900287356321835,10,5,27614.249999999993,3.3900250776320204,2.268774398021103
2023-08-29,2023-08-29,BEER,31154.590000000026,29240,2315,13.457706263498931,29,5,32326.730000000025,96.37408423307895,97.63264215833584
2023-08-29,2023-08-29,HARD SELTZER,1172.1399999999996,709,323,3.6289164086687293,10,5,32326.730000000025,3.6259157669210547,2.3673578416641625
2023-08-30,2023-08-30,BEER,34030.550000000054,32084,2341,14.536757795813777,29,5,35036.60000000006,97.12857411963489,98.05323798172427
2023-08-30,2023-08-30,HARD SELTZER,1006.0499999999998,637,307,3.277035830618892,10,5,35036.60000000006,2.871425880365099,1.9467620182757253
2023-08-31,2023-08-31,BEER,33479.66999999997,31498,2387,14.025835777126087,29,5,34504.05999999997,97.03110300642881,98.03604220486164
2023-08-31,2023-08-31,HARD SELTZER,1024.3900000000006,631,305,3.35865573770492,10,5,34504.05999999997,2.9688969935711955,1.9639577951383484
2023-09-01,2023-09-01,BEER,40120.02000000006,38998,2360,17.000008474576298,29,5,41357.81000000006,97.00711909068687,98.08843503194325
2023-09-01,2023-09-01,HARD SELTZER,1237.7899999999997,760,307,4.031889250814332,10,5,41357.81000000006,2.9928809093131328,1.9115649680567435
2023-09-02,2023-09-02,BEER,48592.10999999993,46951,2352,20.659910714285683,29,5,49808.18999999993,97.55847381725776,98.35553879671527
2023-09-02,2023-09-02,HARD SELTZER,1216.08,785,320,3.8002499999999997,10,5,49808.18999999993,2.441526182742239,1.6444612032847326
2023-09-03,2023-09-03,BEER,46609.48999999996,44677,2364,19.716366328257173,29,5,47988.44999999996,97.12647522476763,98.05974407936613
2023-09-03,2023-09-03,HARD SELTZER,1378.959999999999,884,324,4.256049382716046,10,5,47988.44999999996,2.8735247752323736,1.9402559206338754
2023-09-04,2023-09-04,BEER,21094.92,20446,2108,10.007077798861479,29,5,21832.98,96.61951781204398,97.78564254627194
2023-09-04,2023-09-04,HARD SELTZER,738.0599999999998,463,288,2.5627083333333327,10,5,21832.98,3.380482187956018,2.2143574537280597
2023-09-05,2023-09-05,BEER,26233.569999999963,25448,2155,12.173350348027824,29,5,26949.359999999964,97.34394434598818,98.23206979078206
2023-09-05,2023-09-05,HARD SELTZER,715.79,458,284,2.520387323943662,10,5,26949.359999999964,2.656055654011824,1.7679302092179419
2023-09-06,2023-09-06,BEER,26115.059999999972,24996,2108,12.388548387096762,29,5,26957.219999999972,96.87593898777396,97.91601378878094
2023-09-06,2023-09-06,HARD SELTZER,842.1599999999999,532,311,2.7079099678456586,10,5,26957.219999999972,3.124061012226041,2.0839862112190537
2023-09-07,2023-09-07,BEER,26260.15000000003,25463,2128,12.340296052631594,29,5,26997.07000000003,97.27037045131195,98.20657204566491
2023-09-07,2023-09-07,HARD SELTZER,736.9199999999997,465,292,2.5236986301369853,10,5,26997.07000000003,2.7296295486880577,1.7934279543350817
2023-09-08,2023-09-08,BEER,36970.45000000002,35658,2170,17.037073732718902,29,5,38083.330000000016,97.07777654947716,98.03156100511355
2023-09-08,2023-09-08,HARD SELTZER,1112.8799999999999,716,324,3.4348148148148145,10,5,38083.330000000016,2.922223450522839,1.9684389948864573
2023-09-09,2023-09-09,BEER,41700.44999999993,40566,2233,18.674630541871892,29,5,42839.66999999993,97.34073581799298,98.26558790756262
2023-09-09,2023-09-09,HARD SELTZER,1139.2200000000007,716,280,4.0686428571428594,10,5,42839.66999999993,2.65926418200701,1.7344120924373818
2023-09-10,2023-09-10,BEER,42468.93000000002,40318,2202,19.286525885558593,29,5,43699.40000000002,97.18424051588809,98.08777734527054
2023-09-10,2023-09-10,HARD SELTZER,1230.4700000000003,786,332,3.706234939759037,10,5,43699.40000000002,2.815759484111909,1.9122226547294667
2023-09-11,2023-09-11,BEER,19702.009999999977,19140,2098,9.390853193517625,29,5,20387.809999999976,96.63622527382783,97.80275932549822
2023-09-11,2023-09-11,HARD SELTZER,685.8000000000004,430,316,2.1702531645569634,10,5,20387.809999999976,3.363774726172165,2.1972406745017885
2023-09-12,2023-09-12,BEER,24003.940000000013,23391,2121,11.317274870344184,29,5,24730.610000000015,97.06165759760879,98.08780978739465
2023-09-12,2023-09-12,HARD SELTZER,726.6700000000002,456,294,2.471666666666667,10,5,24730.610000000015,2.9383424023912057,1.9121902126053592
2023-09-13,2023-09-13,BEER,24519.79000000003,23654,2090,11.731956937799058,29,5,25310.27000000003,96.87684090292203,97.9137345806772
2023-09-13,2023-09-13,HARD SELTZER,790.48,504,294,2.6887074829931974,10,5,25310.27000000003,3.123159097077981,2.0862654193227916
2023-09-14,2023-09-14,BEER,24644.840000000007,23620,2112,11.668958333333336,29,5,25491.40000000001,96.67903685164409,97.71636604335595
2023-09-14,2023-09-14,HARD SELTZER,846.5600000000009,552,316,2.678987341772155,10,5,25491.40000000001,3.320963148355918,2.283633956644051
2023-09-15,2023-09-15,BEER,35909.76999999996,34436,2180,16.47237155963301,29,5,36897.03999999996,97.32425690516096,98.2538233280073
2023-09-15,2023-09-15,HARD SELTZER,987.2699999999983,612,300,3.2908999999999944,10,5,36897.03999999996,2.6757430948390426,1.7461766719926959
2023-09-16,2023-09-16,BEER,41372.96000000002,40272,2209,18.72927116342237,29,5,42589.71000000002,97.14308925794516,98.15017913285077
2023-09-16,2023-09-16,HARD SELTZER,1216.7500000000002,759,316,3.8504746835443044,10,5,42589.71000000002,2.8569107420548288,1.8498208671492287
2023-09-17,2023-09-17,BEER,41573.62999999999,40407,2186,19.018129002744736,29,5,42758.68999999999,97.22849320220054,98.1371739447224
2023-09-17,2023-09-17,HARD SELTZER,1185.0600000000002,767,313,3.786134185303515,10,5,42758.68999999999,2.771506797799466,1.8628260552776024
2023-09-18,2023-09-18,BEER,19273.58000000001,18580,2091,9.217398373983745,29,5,19997.08000000001,96.38197176787811,97.65070689020865
2023-09-18,2023-09-18,HARD SELTZER,723.5,447,323,2.239938080495356,10,5,19997.08000000001,3.6180282321218877,2.349293109791349
2023-09-19,2023-09-19,BEER,24039.160000000003,22971,2062,11.658176527643066,29,5,24872.120000000003,96.65102934530711,97.7032027561567
2023-09-19,2023-09-19,HARD SELTZER,832.959999999999,540,315,2.644317460317457,10,5,24872.120000000003,3.348970654692881,2.2967972438433075
2023-09-20,2023-09-20,BEER,24512.449999999968,23436,2115,11.589810874704476,29,5,25217.049999999967,97.20585873446736,98.13248471652291
2023-09-20,2023-09-20,HARD SELTZER,704.5999999999999,446,284,2.4809859154929574,10,5,25217.049999999967,2.794141265532649,1.8675152834770958
2023-09-21,2023-09-21,BEER,24522.020000000044,23573,2113,11.605309985802197,29,5,25276.840000000044,97.01378811591957,98.07780320366133
2023-09-21,2023-09-21,HARD SELTZER,754.8199999999996,462,299,2.5244816053511694,10,5,25276.840000000044,2.98621188408044,1.9221967963386728
2023-09-22,2023-09-22,BEER,34243.950000000004,32986,2187,15.657956104252403,29,5,35400.19,96.7338028411712,97.87840123438474
2023-09-22,2023-09-22,HARD SELTZER,1156.2399999999998,715,318,3.635974842767295,10,5,35400.19,3.2661971588288075,2.1215987656152637
2023-09-23,2023-09-23,BEER,41287.71999999997,40299,2201,18.758618809631972,29,5,42441.38999999997,97.28173370382073,98.26627651792246
2023-09-23,2023-09-23,HARD SELTZER,1153.67,711,311,3.709549839228296,10,5,42441.38999999997,2.7182662961792743,1.733723482077542
2023-09-24,2023-09-24,BEER,40193.970000000016,38818,2164,18.573923290203336,29,5,41608.74000000001,96.59982494062547,97.78572688112452
2023-09-24,2023-09-24,HARD SELTZER,1414.7699999999993,879,356,3.9740730337078634,10,5,41608.74000000001,3.4001750593745426,2.2142731188754814
2023-09-25,2023-09-25,BEER,19496.54999999994,18765,2058,9.47354227405245,29,5,20144.219999999943,96.78483455800223,97.91797119599248
2023-09-25,2023-09-25,HARD SELTZER,647.6700000000001,399,307,2.1096742671009774,10,5,20144.219999999943,3.2151654419977636,2.082028804007514
2023-09-26,2023-09-26,BEER,23224.08,22382,2084,11.143992322456814,29,5,24100.47,96.36359788833994,97.5888380204927
2023-09-26,2023-09-26,HARD SELTZER,876.3899999999999,553,309,2.836213592233009,10,5,24100.47,3.636402111660062,2.411161979507303
2023-09-27,2023-09-27,BEER,24061.039999999986,23206,2092,11.50145315487571,29,5,24923.969999999987,96.53775060714645,97.74651446864074
2023-09-27,2023-09-27,HARD SELTZER,862.9299999999996,535,305,2.829278688524589,10,5,24923.969999999987,3.462249392853547,2.253485531359252
2023-09-28,2023-09-28,BEER,24627.069999999963,23883,2054,11.989810126582261,29,5,25626.409999999963,96.10035116116536,97.44583622342813
2023-09-28,2023-09-28,HARD SELTZER,999.3400000000005,626,342,2.9220467836257322,10,5,25626.409999999963,3.8996488388346315,2.5541637765718717
2023-09-29,2023-09-29,BEER,33972.369999999966,32986,2142,15.860116713351992,29,5,35177.44999999997,96.57428267256437,97.77685558453877
2023-09-29,2023-09-29,HARD SELTZER,1205.0800000000006,750,346,3.4828901734104063,10,5,35177.44999999997,3.4257173274356205,2.2231444154612285
2023-09-30,2023-09-30,BEER,39908.430000000015,38125,2157,18.501821974965235,29,5,41217.650000000016,96.82364229886954,97.86179988705786
2023-09-30,2023-09-30,HARD SELTZER,1309.2199999999991,833,346,3.7838728323699398,10,5,41217.650000000016,3.176357701130459,2.138200112942143
2023-10-01,2023-10-01,BEER,33863.87000000001,32637,2041,16.59180303772661,29,5,34962.06000000001,96.85890934344256,97.93548387096774
2023-10-01,2023-10-01,HARD SELTZER,1098.1900000000003,688,333,3.297867867867869,10,5,34962.06000000001,3.1410906565574224,2.064516129032258
2023-10-02,2023-10-02,BEER,14703.109999999993,14205,1898,7.746633298208637,29,5,15341.759999999993,95.8371790459504,97.22127164465128
2023-10-02,2023-10-02,HARD SELTZER,638.6499999999997,406,312,2.0469551282051275,10,5,15341.759999999993,4.162820954049601,2.77872835534871
2023-10-03,2023-10-03,BEER,19384.42000000002,18842,1893,10.240052826201806,29,5,20090.55000000002,96.48526297189474,97.68768145997512
2023-10-03,2023-10-03,HARD SELTZER,706.1299999999999,446,319,2.2135736677115982,10,5,20090.55000000002,3.514737028105249,2.312318540024886
2023-10-04,2023-10-04,BEER,20109.079999999984,19486,1924,10.451704781704773,29,5,20718.099999999984,97.06044473190109,98.06743834927025
2023-10-04,2023-10-04,HARD SELTZER,609.0200000000003,384,292,2.0856849315068504,10,5,20718.099999999984,2.9395552680989123,1.9325616507297434
2023-10-05,2023-10-05,BEER,18043.12000000001,17254,1898,9.5063856691254,29,5,18825.81000000001,95.84246308658167,97.2165877845391
2023-10-05,2023-10-05,HARD SELTZER,782.6899999999999,494,320,2.4459062499999997,10,5,18825.81000000001,4.1575369134183315,2.783412215460897
2023-10-06,2023-10-06,BEER,28862.179999999993,27702,1981,14.569500252397775,29,5,29776.999999999993,96.92776303858683,97.95961667668588
2023-10-06,2023-10-06,HARD SELTZER,914.8200000000002,577,325,2.81483076923077,10,5,29776.999999999993,3.0722369614131724,2.04038332331412
2023-10-07,2023-10-07,BEER,31881.069999999974,30833,2047,15.574533463605263,29,5,32927.34999999998,96.82245914110914,97.87632531267856
2023-10-07,2023-10-07,HARD SELTZER,1046.2800000000002,669,314,3.332101910828026,10,5,32927.34999999998,3.1775408588908642,2.1236746873214396
2023-10-08,2023-10-08,BEER,32844.6,31445,2022,16.243620178041542,29,5,34008.47,96.57770549513106,97.770661028543
2023-10-08,2023-10-08,HARD SELTZER,1163.8700000000001,717,322,3.6145031055900625,10,5,34008.47,3.422294504868934,2.229338971456999
2023-10-09,2023-10-09,BEER,14855.950000000012,14384,1912,7.769848326359838,29,5,15604.950000000012,95.200240949186,96.809799434648
2023-10-09,2023-10-09,HARD SELTZER,748.9999999999995,474,321,2.3333333333333317,10,5,15604.950000000012,4.799759050813998,3.1902005653519994
2023-10-10,2023-10-10,BEER,18807.699999999975,18016,1927,9.76009340944472,29,5,19483.529999999973,96.53127539003457,97.68475844493845
2023-10-10,2023-10-10,HARD SELTZER,675.8299999999996,427,296,2.283209459459458,10,5,19483.529999999973,3.4687246099654447,2.315241555061541
2023-10-11,2023-10-11,BEER,19689.549999999985,19199,1873,10.51230646022423,29,5,20530.189999999984,95.90534719844288,97.38764329917825
2023-10-11,2023-10-11,HARD SELTZER,840.6399999999998,515,343,2.450845481049562,10,5,20530.189999999984,4.094652801557124,2.612356700821751
2023-10-12,2023-10-12,BEER,17971.840000000004,17163,1868,9.620899357601715,29,5,18844.620000000003,95.36854550529542,96.89493592276858
2023-10-12,2023-10-12,HARD SELTZER,872.7799999999997,550,353,2.472464589235127,10,5,18844.620000000003,4.631454494704587,3.105064077231412
2023-10-13,2023-10-13,BEER,25769.34000000003,24775,1997,12.904026039058602,29,5,26773.71000000003,96.24867080430766,97.55857452254381
2023-10-13,2023-10-13,HARD SELTZER,1004.3700000000005,620,339,2.96274336283186,10,5,26773.71000000003,3.7513291956923394,2.441425477456192
2023-10-14,2023-10-14,BEER,30545.809999999936,29424,2039,14.980779794016643,29,5,31562.829999999936,96.77779210546075,97.85167941469903
2023-10-14,2023-10-14,HARD SELTZER,1017.0199999999999,646,323,3.1486687306501544,10,5,31562.829999999936,3.222207894539247,2.1483205853009646
2023-10-15,2023-10-15,BEER,30966.04999999999,30133,1954,15.847517911975428,29,5,32106.45999999999,96.44803569125963,97.69485151082868
2023-10-15,2023-10-15,HARD SELTZER,1140.4099999999996,711,350,3.2583142857142846,10,5,32106.45999999999,3.5519643087403594,2.3051484891713137
2023-10-16,2023-10-16,BEER,14645.050000000001,14119,1911,7.663553113553114,29,5,15342.19,95.45605940221051,96.92455550216242
2023-10-16,2023-10-16,HARD SELTZER,697.14,448,317,2.199179810725552,10,5,15342.19,4.543940597789494,3.0754444978375783
2023-10-17,2023-10-17,BEER,17413.069999999985,16910,1869,9.31678437667201,29,5,18220.869999999984,95.56662223044235,97.15598965814422
2023-10-17,2023-10-17,HARD SELTZER,807.8000000000001,495,348,2.321264367816092,10,5,18220.869999999984,4.4333777695576595,2.8440103418557885
2023-10-18,2023-10-18,BEER,17994.879999999994,17449,1885,9.54635543766578,29,5,18728.999999999993,96.0803032729991,97.43145904293931
2023-10-18,2023-10-18,HARD SELTZER,734.1199999999992,460,330,2.224606060606058,10,5,18728.999999999993,3.919696727000905,2.5685409570606956
2023-10-19,2023-10-19,BEER,18160.81999999998,17562,1903,9.543258013662628,29,5,18899.699999999983,96.0905199553432,97.42594030844336
2023-10-19,2023-10-19,HARD SELTZER,738.88,464,295,2.5046779661016947,10,5,18899.699999999983,3.9094800446567968,2.5740596915566405
2023-10-20,2023-10-20,BEER,26018.98000000001,25163,1965,13.24121119592876,29,5,27051.57000000001,96.18288328551725,97.48944248576188
2023-10-20,2023-10-20,HARD SELTZER,1032.59,648,349,2.9587106017191975,10,5,27051.57000000001,3.8171167144827436,2.5105575142381156
2023-10-21,2023-10-21,BEER,30043.880000000012,28786,1994,15.067141424272824,29,5,31074.43000000001,96.68360771219295,97.77853260869566
2023-10-21,2023-10-21,HARD SELTZER,1030.5500000000004,654,332,3.104066265060242,10,5,31074.43000000001,3.316392287807049,2.2214673913043477
2023-10-22,2023-10-22,BEER,29134.149999999987,27929,1962,14.849209989806313,29,5,30241.949999999986,96.33687642496598,97.58901429120515
2023-10-22,2023-10-22,HARD SELTZER,1107.8,690,359,3.085793871866295,10,5,30241.949999999986,3.663123575034019,2.4109857087948567
2023-10-23,2023-10-23,BEER,14268.230000000007,13765,1855,7.691768194070084,29,5,14886.610000000006,95.8460656925922,97.27915194346289
2023-10-23,2023-10-23,HARD SELTZER,618.3799999999998,385,322,1.920434782608695,10,5,14886.610000000006,4.153934307407795,2.7208480565371023
2023-10-24,2023-10-24,BEER,16174.600000000031,15613,1882,8.594367693942631,29,5,16991.93000000003,95.18989308454074,96.77079459526465
2023-10-24,2023-10-24,HARD SELTZER,817.3299999999995,521,330,2.476757575757574,10,5,16991.93000000003,4.810106915459269,3.2292054047353416
2023-10-25,2023-10-25,BEER,17334.510000000013,16683,1850,9.370005405405413,29,5,18097.210000000014,95.78553821279634,97.18063726917924
2023-10-25,2023-10-25,HARD SELTZER,762.6999999999999,484,331,2.304229607250755,10,5,18097.210000000014,4.214461787203659,2.8193627308207607
2023-10-26,2023-10-26,BEER,16511.619999999955,15967,1863,8.862920021470723,29,5,17241.769999999957,95.76522595997973,97.21748660496834
2023-10-26,2023-10-26,HARD SELTZER,730.15,457,314,2.3253184713375794,10,5,17241.769999999957,4.234774040020263,2.782513395031661
2023-10-27,2023-10-27,BEER,26441.08999999999,25739,2006,13.18100199401794,29,5,27383.82999999999,96.55731137682348,97.74056353003722
2023-10-27,2023-10-27,HARD SELTZER,942.7400000000006,595,325,2.9007384615384635,10,5,27383.82999999999,3.4426886231765277,2.2594364699627856
2023-10-28,2023-10-28,BEER,29045.410000000018,27986,1965,14.78137913486006,29,5,30199.20000000002,96.17940210336697,97.43411203565088
2023-10-28,2023-10-28,HARD SELTZER,1153.7900000000004,737,364,3.1697527472527485,10,5,30199.20000000002,3.8205978966330227,2.565887964349128
2023-10-29,2023-10-29,BEER,29577.889999999992,28350,1954,15.137098259979526,29,5,30839.21999999999,95.90998086203219,97.28227300802965
2023-10-29,2023-10-29,HARD SELTZER,1261.3299999999986,792,382,3.3019109947643943,10,5,30839.21999999999,4.090019137967818,2.7177269919703524
2023-10-30,2023-10-30,BEER,13157.199999999935,12685,1857,7.085191168551392,29,5,13887.789999999935,94.73933577624659,96.5372907153729
2023-10-30,2023-10-30,HARD SELTZER,730.5899999999998,455,333,2.1939639639639634,10,5,13887.789999999935,5.260664223753406,3.462709284627093
2023-10-31,2023-10-31,BEER,17720.33,16937,1896,9.346165611814348,29,5,18483.83,95.86936257258371,97.21058371118636
2023-10-31,2023-10-31,HARD SELTZER,763.5000000000002,486,329,2.3206686930091194,10,5,18483.83,4.130637427416288,2.789416288813637
2023-11-01,2023-11-01,BEER,22845.06000000006,21879,1877,12.171049547149739,29,5,23870.20000000006,95.70535646957296,97.18384933149736
2023-11-01,2023-11-01,HARD SELTZER,1025.1399999999996,634,325,3.154276923076922,10,5,23870.20000000006,4.294643530427048,2.816150668502643
2023-11-02,2023-11-02,BEER,22301.859999999993,21309,1803,12.369306711037156,29,5,23372.479999999992,95.41931365434905,96.99576676225591
2023-11-02,2023-11-02,HARD SELTZER,1070.6200000000001,660,399,2.683258145363409,10,5,23372.479999999992,4.580686345650956,3.004233237744094
2023-11-03,2023-11-03,BEER,31075.470000000023,29693,1947,15.960693374422199,29,5,32470.770000000022,95.70290448917596,97.14070729872084
2023-11-03,2023-11-03,HARD SELTZER,1395.2999999999995,874,340,4.1038235294117635,10,5,32470.770000000022,4.297095510824038,2.8592927012791574
2023-11-04,2023-11-04,BEER,39308.549999999996,37176,1961,20.04515553289138,29,5,40866.619999999995,96.18742631516871,97.48013739937593
2023-11-04,2023-11-04,HARD SELTZER,1558.0700000000002,961,359,4.340027855153203,10,5,40866.619999999995,3.8125736848312886,2.519862600624066
2023-11-05,2023-11-05,BEER,37799.269999999946,36066,1979,19.100186963112655,29,5,39242.20999999995,96.32298996412281,97.57852871946106
2023-11-05,2023-11-05,HARD SELTZER,1442.9400000000012,895,344,4.194593023255817,10,5,39242.20999999995,3.677010035877192,2.4214712805389467
2023-11-06,2023-11-06,BEER,19405.560000000016,18330,1882,10.311137088204047,29,5,20125.580000000016,96.42236397659099,97.58304940374786
2023-11-06,2023-11-06,HARD SELTZER,720.0199999999999,454,328,2.195182926829268,10,5,20125.580000000016,3.5776360234090117,2.41695059625213
2023-11-07,2023-11-07,BEER,24161.79999999993,22542,1884,12.824734607218646,29,5,25153.13999999993,96.0587823230022,97.25182277061133
2023-11-07,2023-11-07,HARD SELTZER,991.3400000000007,637,346,2.8651445086705225,10,5,25153.13999999993,3.9412176769977965,2.748177229388671
2023-11-08,2023-11-08,BEER,23288.410000000003,22338,1859,12.527385691231848,29,5,24271.660000000003,95.9489791798336,97.3800078468983
2023-11-08,2023-11-08,HARD SELTZER,983.2499999999999,601,341,2.883431085043988,10,5,24271.660000000003,4.051020820166399,2.6199921531017045
2023-11-09,2023-11-09,BEER,23023.220000000016,21711,1851,12.438260399783909,29,5,23904.370000000017,96.31385391039379,97.50303139174564
2023-11-09,2023-11-09,HARD SELTZER,881.1499999999999,556,340,2.5916176470588232,10,5,23904.370000000017,3.686146089606207,2.4969686082543676
2023-11-10,2023-11-10,BEER,34203.57999999997,32558,1941,17.6216280267903,29,5,35649.449999999975,95.9442011026818,97.34788458663476
2023-11-10,2023-11-10,HARD SELTZER,1445.8699999999992,887,375,3.8556533333333314,10,5,35649.449999999975,4.055798897318192,2.6521154133652263
2023-11-11,2023-11-11,BEER,40505.37000000006,38053,1963,20.634421803362233,29,5,42162.18000000006,96.07038820098963,97.38451695457454
2023-11-11,2023-11-11,HARD SELTZER,1656.81,1022,385,4.303402597402597,10,5,42162.18000000006,3.929611799010387,2.6154830454254636
2023-11-12,2023-11-12,BEER,37735.52999999998,35858,1927,19.582527244421367,29,5,39275.45999999998,96.07915476992504,97.34763132889914
2023-11-12,2023-11-12,HARD SELTZER,1539.93,977,391,3.93843989769821,10,5,39275.45999999998,3.920845230074965,2.6523686711008554
2023-11-13,2023-11-13,BEER,16698.280000000006,16100,1815,9.200154269972455,29,5,17659.970000000005,94.55440751031854,96.47072922284138
2023-11-13,2023-11-13,HARD SELTZER,961.6899999999996,589,381,2.5241207349081356,10,5,17659.970000000005,5.445592489681463,3.529270777158607
2023-11-14,2023-11-14,BEER,22150.629999999946,20982,1805,12.271817174515206,29,5,23276.139999999945,95.16453329460984,96.73582295988935
2023-11-14,2023-11-14,HARD SELTZER,1125.5099999999998,708,384,2.9310156249999992,10,5,23276.139999999945,4.835466705390165,3.2641770401106505
2023-11-15,2023-11-15,BEER,21189.149999999965,19973,1804,11.745648558758296,29,5,22295.559999999965,95.0375321364433,96.5718982690262
2023-11-15,2023-11-15,HARD SELTZER,1106.4100000000005,709,411,2.691995133819953,10,5,22295.559999999965,4.962467863556701,3.4281017309737933
2023-11-16,2023-11-16,BEER,21535.340000000026,20586,1791,12.024198771635971,29,5,22620.260000000028,95.20376865694735,96.79785583298067
2023-11-16,2023-11-16,HARD SELTZER,1084.9200000000012,681,399,2.7190977443609055,10,5,22620.260000000028,4.796231343052644,3.202144167019326
2023-11-17,2023-11-17,BEER,32744.260000000028,31054,1934,16.930847983453997,29,5,34071.50000000003,96.10454485420365,97.34796238244515
2023-11-17,2023-11-17,HARD SELTZER,1327.2399999999989,846,372,3.5678494623655883,10,5,34071.50000000003,3.895455145796333,2.652037617554859
2023-11-18,2023-11-18,BEER,39801.82000000011,37147,1913,20.805969681129174,29,5,41651.71000000011,95.55866974008993,97.02248805077441
2023-11-18,2023-11-18,HARD SELTZER,1849.8899999999994,1140,404,4.578935643564355,10,5,41651.71000000011,4.441330259910084,2.9775119492255855
2023-11-19,2023-11-19,BEER,36396.06000000001,34382,1883,19.32876261285184,29,5,38161.42000000001,95.37396669201513,96.91895701198027
2023-11-19,2023-11-19,HARD SELTZER,1765.36,1093,388,4.549896907216494,10,5,38161.42000000001,4.626033307984869,3.0810429880197323
2023-11-20,2023-11-20,BEER,16800.219999999987,15788,1786,9.406618141097416,29,5,17774.069999999985,94.52095102584833,96.3211518516259
2023-11-20,2023-11-20,HARD SELTZER,973.8500000000003,603,385,2.5294805194805203,10,5,17774.069999999985,5.479048974151677,3.678848148374108
2023-11-21,2023-11-21,BEER,23154.850000000024,21755,1945,11.904807197943457,29,5,24310.480000000025,95.24637111237622,96.77921615730237
2023-11-21,2023-11-21,HARD SELTZER,1155.6299999999997,724,393,2.9405343511450375,10,5,24310.480000000025,4.753628887623767,3.220783842697629
2023-11-22,2023-11-22,BEER,24073.259999999995,22819,1881,12.798118022328547,29,5,25194.999999999996,95.54776741416947,97.01543301730369
2023-11-22,2023-11-22,HARD SELTZER,1121.7400000000005,702,406,2.762906403940888,10,5,25194.999999999996,4.452232585830524,2.9845669826963137
2023-11-23,2023-11-23,BEER,24209.809999999918,22758,1917,12.62900886802291,29,5,25223.41999999992,95.98147277411229,97.26472348063938
2023-11-23,2023-11-23,HARD SELTZER,1013.6099999999994,640,359,2.82342618384401,10,5,25223.41999999992,4.018527225887698,2.735276519360629
2023-11-24,2023-11-24,BEER,33844.23999999998,32032,1987,17.03283341721187,29,5,35464.389999999985,95.4316146421805,97.01668837265652
2023-11-24,2023-11-24,HARD SELTZER,1620.1499999999999,985,429,3.7765734265734263,10,5,35464.389999999985,4.568385357819493,2.9833116273434896
2023-11-25,2023-11-25,BEER,39127.93999999988,36960,2016,19.408700396825335,29,5,41042.12999999988,95.33603640941635,96.79446888749214
2023-11-25,2023-11-25,HARD SELTZER,1914.1900000000003,1224,429,4.461981351981352,10,5,41042.12999999988,4.663963590583641,3.205531112507857
2023-11-26,2023-11-26,BEER,38711.590000000004,36396,2014,19.22124627606753,29,5,40597.200000000004,95.35532007133497,96.8674314002076
2023-11-26,2023-11-26,HARD SELTZER,1885.6099999999994,1177,422,4.468270142180094,10,5,40597.200000000004,4.644679928665029,3.132568599792404
2023-11-27,2023-11-27,BEER,17507.560000000016,16462,1875,9.337365333333342,29,5,18447.440000000017,94.90509252232287,96.4381956649092
2023-11-27,2023-11-27,HARD SELTZER,939.8799999999997,608,412,2.2812621359223293,10,5,18447.440000000017,5.094907477677113,3.5618043350908026
2023-11-28,2023-11-28,BEER,21900.770000000048,20803,1808,12.113257743362858,29,5,22962.19000000005,95.37753149851996,96.89785271787228
2023-11-28,2023-11-28,HARD SELTZER,1061.4200000000008,666,390,2.7215897435897456,10,5,22962.19000000005,4.622468501480035,3.102147282127719
2023-11-29,2023-11-29,BEER,21254.779999999977,20130,1829,11.620984144341158,29,5,22366.209999999977,95.03076292317742,96.65802362431576
2023-11-29,2023-11-29,HARD SELTZER,1111.4299999999992,696,386,2.8793523316062153,10,5,22366.209999999977,4.969237076822583,3.3419763756842404
2023-11-30,2023-11-30,BEER,23010.909999999978,21683,1776,12.956593468468457,29,5,24037.19999999998,95.73040953189222,97.14605734767025
2023-11-30,2023-11-30,HARD SELTZER,1026.2900000000002,637,353,2.907337110481587,10,5,24037.19999999998,4.269590468107771,2.8539426523297493
2023-12-01,2023-12-01,BEER,31332.650000000027,29515,1941,16.14252962390522,29,5,32754.390000000025,95.65939100071778,97.0568891811904
2023-12-01,2023-12-01,HARD SELTZER,1421.7399999999996,895,376,3.781223404255318,10,5,32754.390000000025,4.340608999282229,2.9431108188096022
2023-12-02,2023-12-02,BEER,35842.08000000003,33609,1933,18.542203828246265,29,5,37545.22000000003,95.46376342980545,96.91176470588235
2023-12-02,2023-12-02,HARD SELTZER,1703.1399999999978,1071,372,4.578333333333328,10,5,37545.22000000003,4.5362365701945455,3.088235294117647
2023-12-03,2023-12-03,BEER,36030.63999999998,34374,1916,18.805135699373682,29,5,37670.66999999998,95.64640076749365,97.14011190866444
2023-12-03,2023-12-03,HARD SELTZER,1640.0299999999995,1012,417,3.932925659472421,10,5,37670.66999999998,4.353599232506352,2.8598880913355567
2023-12-04,2023-12-04,BEER,16478.12999999996,15651,1813,9.088874793160485,29,5,17358.049999999963,94.93076699283615,96.70064874884152
2023-12-04,2023-12-04,HARD SELTZER,879.9200000000005,534,384,2.2914583333333347,10,5,17358.049999999963,5.069233007163837,3.29935125115848
2023-12-05,2023-12-05,BEER,19934.199999999993,19053,1756,11.352050113895213,29,5,21220.93999999999,93.93646087308103,95.86897453959948
2023-12-05,2023-12-05,HARD SELTZER,1286.7399999999996,821,419,3.070978520286395,10,5,21220.93999999999,6.063539126918978,4.131025460400523
2023-12-06,2023-12-06,BEER,19932.13,18730,1763,11.305802609188882,29,5,21309.370000000003,93.53692765201411,95.63929738562092
2023-12-06,2023-12-06,HARD SELTZER,1377.2400000000005,854,443,3.1088939051918745,10,5,21309.370000000003,6.463072347985888,4.360702614379084
2023-12-07,2023-12-07,BEER,22687.84,21551,1825,12.431693150684932,29,5,23694.02,95.75344327387248,97.11157173756308
2023-12-07,2023-12-07,HARD SELTZER,1006.1799999999989,641,397,2.534458438287151,10,5,23694.02,4.246556726127516,2.888428262436914
2023-12-08,2023-12-08,BEER,32364.440000000006,30564,1942,16.665520082389293,29,5,34150.94,94.76881163446747,96.50468883205457
2023-12-08,2023-12-08,HARD SELTZER,1786.4999999999975,1107,392,4.5573979591836675,10,5,34150.94,5.231188365532537,3.495311167945439
2023-12-09,2023-12-09,BEER,32102.109999999964,30105,1878,17.09377529286473,29,5,33873.899999999965,94.76945376824044,96.39152151639344
2023-12-09,2023-12-09,HARD SELTZER,1771.7899999999997,1127,431,4.110881670533642,10,5,33873.899999999965,5.23054623175956,3.6084784836065573
2023-12-10,2023-12-10,BEER,35382.06999999997,32883,1862,19.002185821697083,29,5,37475.92999999997,94.41278708760528,96.2194586686174
2023-12-10,2023-12-10,HARD SELTZER,2093.860000000001,1292,450,4.653022222222225,10,5,37475.92999999997,5.587212912394709,3.7805413313825897
2023-12-11,2023-12-11,BEER,16606.560000000023,15650,1799,9.23099499722069,29,5,17531.670000000024,94.72320663119943,96.45014174781215
2023-12-11,2023-12-11,HARD SELTZER,925.1100000000002,576,383,2.4154308093994783,10,5,17531.670000000024,5.27679336880057,3.5498582521878466
2023-12-12,2023-12-12,BEER,20691.73000000001,19355,1803,11.476278424847482,29,5,21781.95000000001,94.9948466505524,96.5818363273453
2023-12-12,2023-12-12,HARD SELTZER,1090.2199999999998,685,388,2.809845360824742,10,5,21781.95000000001,5.005153349447589,3.418163672654691
2023-12-13,2023-12-13,BEER,21844.510000000028,20947,1788,12.21728747203581,29,5,23237.780000000028,94.00428956638716,96.0122839987166
2023-12-13,2023-12-13,HARD SELTZER,1393.2699999999995,870,412,3.3817233009708727,10,5,23237.780000000028,5.99571043361284,3.9877160012834025
2023-12-14,2023-12-14,BEER,22991.05000000001,21807,1839,12.501930396954872,29,5,24221.46000000001,94.92016583641119,96.66651890597987
2023-12-14,2023-12-14,HARD SELTZER,1230.4100000000005,752,396,3.107095959595961,10,5,24221.46000000001,5.079834163588818,3.333481094020125
2023-12-15,2023-12-15,BEER,32035.81000000004,30125,1879,17.049393294305503,29,5,33516.040000000045,95.58351762320369,96.94911981463007
2023-12-15,2023-12-15,HARD SELTZER,1480.2300000000012,948,407,3.6369287469287497,10,5,33516.040000000045,4.416482376796302,3.050880185369935
2023-12-16,2023-12-16,BEER,35858.87999999994,34057,1887,19.003116057233672,29,5,37958.47999999994,94.46869316158075,96.43504360629743
2023-12-16,2023-12-16,HARD SELTZER,2099.600000000001,1259,432,4.860185185185187,10,5,37958.47999999994,5.531306838419252,3.564956393702571
2023-12-17,2023-12-17,BEER,39137.90000000004,37130,1917,20.41622326551906,29,5,41028.50000000004,95.3919836211414,96.96542358717225
2023-12-17,2023-12-17,HARD SELTZER,1890.6000000000008,1162,414,4.566666666666668,10,5,41028.50000000004,4.608016378858596,3.034576412827745
2023-12-18,2023-12-18,BEER,16347.719999999976,15322,1784,9.163520179372183,29,5,17429.499999999978,93.79339625347828,95.87635316938865
2023-12-18,2023-12-18,HARD SELTZER,1081.7800000000007,659,426,2.539389671361504,10,5,17429.499999999978,6.206603746521713,4.123646830611351
2023-12-19,2023-12-19,BEER,21997.390000000003,21030,1800,12.220772222222223,29,5,23233.97,94.67770682324202,96.49887578580278
2023-12-19,2023-12-19,HARD SELTZER,1236.5799999999992,763,421,2.937244655581946,10,5,23233.97,5.322293176757994,3.5011242141972194
2023-12-20,2023-12-20,BEER,20851.02000000001,19584,1795,11.616167130919226,29,5,21981.810000000012,94.85579212994745,96.62045488183925
2023-12-20,2023-12-20,HARD SELTZER,1130.7899999999993,685,381,2.96795275590551,10,5,21981.810000000012,5.144207870052551,3.379545118160738
2023-12-21,2023-12-21,BEER,23441.63999999998,22060,1936,12.108285123966933,29,5,24894.92999999998,94.1623053368698,96.0717707516767
2023-12-21,2023-12-21,HARD SELTZER,1453.289999999999,902,473,3.072494714587736,10,5,24894.92999999998,5.837694663130205,3.9282292483233165
2023-12-22,2023-12-22,BEER,36216.56999999995,34525,2077,17.436961964371665,29,5,38205.87999999995,94.7931836670167,96.43585374710204
2023-12-22,2023-12-22,HARD SELTZER,1989.3099999999995,1276,467,4.259764453961455,10,5,38205.87999999995,5.206816332983306,3.5641462528979635
2023-12-23,2023-12-23,BEER,40117.58000000009,37670,2042,19.646219392752247,29,5,42403.70000000009,94.60867801630518,96.41915585246615
2023-12-23,2023-12-23,HARD SELTZER,2286.1200000000013,1399,494,4.627773279352229,10,5,42403.70000000009,5.3913219836948105,3.58084414753385
2023-12-24,2023-12-24,BEER,40665.69999999997,38861,1993,20.404264927245343,29,5,43262.87999999997,93.99674732703879,96.14299851558634
2023-12-24,2023-12-24,HARD SELTZER,2597.1800000000026,1559,556,4.671187050359717,10,5,43262.87999999997,6.003252672961219,3.8570014844136566
2023-12-25,2023-12-25,BEER,19063.590000000037,18201,2008,9.493819721115557,29,5,20089.130000000037,94.89505020874473,96.5519070606334
2023-12-25,2023-12-25,HARD SELTZER,1025.5400000000002,650,408,2.5135784313725495,10,5,20089.130000000037,5.104949791255263,3.448092939366612
2023-12-26,2023-12-26,BEER,22198.170000000027,20753,1928,11.513573651452296,29,5,23712.110000000026,93.61532988839882,95.7020982245792
2023-12-26,2023-12-26,HARD SELTZER,1513.94,932,461,3.2840347071583516,10,5,23712.110000000026,6.384670111601196,4.297901775420797
2023-12-27,2023-12-27,BEER,23845.399999999994,22708,1988,11.994668008048286,29,5,25293.329999999994,94.27544732148752,96.19995763609404
2023-12-27,2023-12-27,HARD SELTZER,1447.930000000001,897,440,3.2907500000000023,10,5,25293.329999999994,5.724552678512483,3.800042363905952
2023-12-28,2023-12-28,BEER,22954.91000000004,21751,1996,11.500455911823668,29,5,24294.18000000004,94.48728049269415,96.32860938883968
2023-12-28,2023-12-28,HARD SELTZER,1339.269999999999,829,436,3.0717201834862364,10,5,24294.18000000004,5.512719507305852,3.671390611160319
2023-12-29,2023-12-29,BEER,36495.79999999993,34310,2019,18.076176324913288,29,5,38501.419999999925,94.79078953451588,96.42244892223815
2023-12-29,2023-12-29,HARD SELTZER,2005.6199999999983,1273,471,4.258216560509551,10,5,38501.419999999925,5.209210465484136,3.5775510777618527
2023-12-30,2023-12-30,BEER,40375.34000000004,37933,2020,19.987792079207942,29,5,42946.81000000004,94.01243072535539,96.02075686621947
2023-12-30,2023-12-30,HARD SELTZER,2571.4699999999993,1572,488,5.269405737704917,10,5,42946.81000000004,5.987569274644605,3.979243133780534
2023-12-31,2023-12-31,BEER,38073.56000000006,35980,2039,18.672663070132447,29,5,40439.210000000065,94.15010827362849,96.13123864486481
2023-12-31,2023-12-31,HARD SELTZER,2365.6499999999987,1448,480,4.928437499999998,10,5,40439.210000000065,5.849891726371497,3.8687613551351934
