Store_Region,Store_State,Product_Category,Regional_Revenue,Regional_Units,Regional_Transactions,Regional_Brands,Regional_Stores,Regional_Cities,Avg_Regional_Transaction,Avg_Regional_TDP,Regional_Total_Revenue,Category_Penetration,Revenue_Per_Store,Units_Per_Store
MIDWEST,MN,HARD SELTZER,1782.4799999999998,1204,803,10,10,1,2.2197758405977583,30.990186799501867,3321097.13,0.0536714203236808,178.248,120.4
MIDWEST,ND,BEER,101305.75000000003,112641,7114,29,11,5,14.240335957267364,85.44309952206918,3321097.13,3.0503699842106102,9209.61363636364,10240.09090909091
MIDWEST,IL,BEER,344450.38999999996,361416,24574,29,38,6,14.016862944575566,72.8914755432571,3321097.13,10.371584344478354,9064.48394736842,9510.947368421053
MIDWEST,MO,HARD SELTZER,2884.74,2044,1356,10,24,2,2.1273893805309734,34.83615781710913,3321097.13,0.08686105485869966,120.19749999999999,85.16666666666667
MIDWEST,SD,BEER,253070.22,252772,15341,29,19,5,16.496331399517633,61.14553027833907,3321097.13,7.620078850268374,13319.485263157894,13303.78947368421
MIDWEST,IA,BEER,189335.52999999997,203231,12243,29,18,1,15.464798660459035,81.21460181328105,3321097.13,5.700993454533502,10518.640555555554,11290.611111111111
MIDWEST,IN,HARD SELTZER,3252.920000000001,2214,1448,10,23,1,2.246491712707183,32.79707872928178,3321097.13,0.09794715037437045,141.43130434782614,96.26086956521739
MIDWEST,OH,HARD SELTZER,6464.580000000002,4498,3118,10,54,8,2.073309813983323,35.701581141757536,3321097.13,0.19465194021591298,119.71444444444448,83.29629629629629
MIDWEST,ND,HARD SELTZER,1168.1399999999999,864,598,10,11,5,1.953411371237458,41.84220735785953,3321097.13,0.035173316355249146,106.19454545454545,78.54545454545455
MIDWEST,NE,BEER,232345.96999999986,230210,13932,29,18,1,16.67714398507033,58.91572710307207,3321097.13,6.99606066625338,12908.109444444437,12789.444444444445
MIDWEST,MI,HARD SELTZER,6405.259999999998,4472,3069,10,51,6,2.0870837406321274,34.9052036493972,3321097.13,0.1928657834828215,125.5933333333333,87.68627450980392
MIDWEST,KS,HARD SELTZER,1494.1799999999998,1095,686,10,13,1,2.1781049562682213,34.93069970845482,3321097.13,0.04499055407030507,114.93692307692307,84.23076923076923
MIDWEST,MO,BEER,246436.33000000005,265129,16857,29,24,2,14.619228213798424,71.6595491487216,3321097.13,7.4203288959513225,10268.180416666668,11047.041666666666
MIDWEST,IN,BEER,290342.41,299241,17577,29,23,1,16.51831427433578,68.23041531546907,3321097.13,8.742364304171977,12623.58304347826,13010.478260869566
MIDWEST,IL,HARD SELTZER,4054.7699999999986,2820,2028,10,38,6,1.9993934911242597,35.03679980276133,3321097.13,0.12209128011862751,106.70447368421048,74.21052631578948
MIDWEST,WI,HARD SELTZER,3392.5699999999997,2292,1554,10,25,2,2.1831209781209777,30.51745173745174,3321097.13,0.10215208610896605,135.7028,91.68
MIDWEST,MN,BEER,175038.06,177563,9511,29,10,1,18.403749342866156,63.54761854694564,3321097.13,5.270489032640849,17503.806,17756.3
MIDWEST,KS,BEER,124131.96999999996,133802,8253,29,13,1,15.040830001211676,72.17243063128558,3321097.13,3.7376796022825136,9548.613076923073,10292.461538461539
MIDWEST,IA,HARD SELTZER,2063.71,1489,1007,10,18,1,2.049364448857994,39.56641509433962,3321097.13,0.06213940511881385,114.65055555555556,82.72222222222223
MIDWEST,NE,HARD SELTZER,2512.69,1678,1103,10,18,1,2.278050770625567,27.90997280145059,3321097.13,0.07565843158582959,139.5938888888889,93.22222222222223
MIDWEST,WI,BEER,293124.66,296892,18830,29,25,2,15.566896441848113,63.17153319171533,3321097.13,8.826139330649447,11724.9864,11875.68
MIDWEST,SD,HARD SELTZER,2904.87,1910,1305,10,19,5,2.2259540229885055,29.719908045977007,3321097.13,0.08746717985932558,152.8878947368421,100.52631578947368
MIDWEST,MI,BEER,516999.5600000004,542683,35007,29,51,6,14.768462307538504,72.9499117319393,3321097.13,15.567131576184897,10137.246274509811,10640.843137254902
MIDWEST,OH,BEER,516135.3699999997,543873,36036,29,54,8,14.322770840270833,74.68239066489068,3321097.13,15.541110355902168,9558.062407407402,10071.722222222223
NORTHEAST,PA,HARD SELTZER,16694.820000000003,9309,4563,10,66,7,3.658737672583827,33.10663817663817,2492561.4399999995,0.6697856964360328,252.95181818181823,141.04545454545453
NORTHEAST,NY,HARD SELTZER,20511.47,11196,5399,10,62,8,3.799123911835525,30.83167067975551,2492561.4399999995,0.8229072981246154,330.8301612903226,180.58064516129033
NORTHEAST,NJ,HARD SELTZER,9683.859999999999,5495,2470,10,26,1,3.9205910931174084,35.63247773279351,2492561.4399999995,0.38851038311817904,372.4561538461538,211.34615384615384
NORTHEAST,MA,BEER,211347.47000000003,170484,14242,29,20,1,14.839732481393066,61.43689439685438,2492561.4399999995,8.479127800356249,10567.373500000002,8524.2
NORTHEAST,CT,HARD SELTZER,2368.17,1247,617,10,9,1,3.838200972447326,26.209643435980553,2492561.4399999995,0.0950094935272689,263.13,138.55555555555554
NORTHEAST,RI,BEER,225935.17,196315,14570,29,19,1,15.506875085792725,69.36537542896363,2492561.4399999995,9.064377165362874,11891.324736842105,10332.368421052632
NORTHEAST,NY,BEER,684774.0099999998,563796,45487,29,62,8,15.054279464462368,64.62494866665202,2492561.4399999995,27.47270334086529,11044.74209677419,9093.483870967742
NORTHEAST,VT,HARD SELTZER,5051.799999999999,2858,1473,10,19,1,3.4295994568906987,30.26986422267481,2492561.4399999995,0.20267504419068605,265.88421052631577,150.42105263157896
NORTHEAST,PA,BEER,534233.1,447895,39828,29,66,7,13.413505573968061,68.07210555388167,2492561.4399999995,21.4330965498688,8094.4409090909085,6786.287878787879
NORTHEAST,NH,BEER,122156.25,100694,10417,29,19,1,11.726624748008064,73.289859844485,2492561.4399999995,4.900832053311393,6429.276315789473,5299.684210526316
NORTHEAST,NJ,BEER,335352.39000000013,284230,21374,29,26,1,15.689734724431558,73.62408346589316,2492561.4399999995,13.454127333366763,12898.16884615385,10931.923076923076
NORTHEAST,ME,BEER,63171.539999999986,50694,4915,29,7,1,12.852805696846385,64.90368667344862,2492561.4399999995,2.534402522089887,9024.505714285713,7242.0
NORTHEAST,ME,HARD SELTZER,1952.0099999999998,1060,552,10,7,1,3.5362499999999994,30.86105072463768,2492561.4399999995,0.07831341561634686,278.8585714285714,151.42857142857142
NORTHEAST,MA,HARD SELTZER,6090.24,3286,1638,10,20,1,3.718095238095238,29.260610500610504,2492561.4399999995,0.24433660499859136,304.512,164.3
NORTHEAST,CT,BEER,69650.34,54989,5266,29,9,1,13.226422331940752,54.90192176224839,2492561.4399999995,2.7943279103282608,7738.926666666666,6109.888888888889
NORTHEAST,RI,HARD SELTZER,6624.1900000000005,3822,1658,10,19,1,3.995289505428227,33.18654402895054,2492561.4399999995,0.2657583437542066,348.64157894736843,201.1578947368421
NORTHEAST,NH,HARD SELTZER,3901.1100000000006,2136,1173,10,19,1,3.3257544757033255,35.19643648763853,2492561.4399999995,0.1565100838597584,205.32157894736847,112.42105263157895
NORTHEAST,VT,BEER,173063.49999999994,146211,12712,29,19,1,13.614183448709875,63.09260698552549,2492561.4399999995,6.9431989608248115,9108.605263157891,7695.315789473684
SOUTHEAST,DE,BEER,109347.32,113109,8669,29,16,5,12.613602491636868,68.16471103933556,3240994.84,3.3738813357691124,6834.2075,7069.3125
SOUTHEAST,GA,HARD SELTZER,8313.300000000001,5772,3074,10,41,6,2.7043916720884846,37.79208523096942,3240994.84,0.2565045737622958,202.76341463414636,140.78048780487805
SOUTHEAST,NC,BEER,337860.7900000001,338452,24805,29,39,7,13.62067284821609,57.636722838137494,3240994.84,10.424601293101723,8663.097179487182,8678.25641025641
SOUTHEAST,TN,HARD SELTZER,4846.319999999998,3283,1843,10,24,2,2.6295822029300044,34.14748779164407,3240994.84,0.149531864111206,201.92999999999992,136.79166666666666
SOUTHEAST,GA,BEER,440808.20999999985,460513,29649,29,41,6,14.86755742183547,78.60129953792716,3240994.84,13.601015483258216,10751.419756097557,11232.024390243903
SOUTHEAST,KY,BEER,191117.59000000003,186012,11888,29,14,1,16.076513290713326,64.91488728129202,3240994.84,5.896880415891068,13651.25642857143,13286.57142857143
SOUTHEAST,DC,HARD SELTZER,1822.6100000000001,1161,689,10,10,4,2.6452975326560235,28.456806966618284,3240994.84,0.0562361277934031,182.26100000000002,116.1
SOUTHEAST,AL,HARD SELTZER,1808.2699999999995,1130,672,10,12,1,2.6908779761904755,25.532261904761906,3240994.84,0.05579367105687832,150.68916666666664,94.16666666666667
SOUTHEAST,AR,BEER,116263.00000000004,113102,9159,29,16,4,12.693853040724974,67.27871820067693,3240994.84,3.5872627307237566,7266.437500000003,7068.875
SOUTHEAST,FL,HARD SELTZER,9865.950000000004,6469,3890,10,51,9,2.536233933161955,30.952408740359907,3240994.84,0.30441116037074606,193.45000000000007,126.84313725490196
SOUTHEAST,DC,BEER,74498.89000000001,71636,5833,29,10,4,12.771968112463572,60.033538487913574,3240994.84,2.2986426599802923,7449.889000000001,7163.6
SOUTHEAST,TN,BEER,261362.46000000008,260524,17437,29,24,2,14.988957962952346,69.85402248093138,3240994.84,8.064266464552597,10890.102500000003,10855.166666666666
SOUTHEAST,LA,BEER,58989.32000000003,56181,5560,29,11,1,10.60958992805756,63.569739208633095,3240994.84,1.8200991643664584,5362.665454545458,5107.363636363636
SOUTHEAST,WV,BEER,118675.26,120717,7424,29,8,4,15.985352909482758,73.19647090517243,3240994.84,3.661692346292041,14834.4075,15089.625
SOUTHEAST,VA,HARD SELTZER,2944.34,2069,1196,10,20,2,2.4618227424749164,37.82458193979934,3240994.84,0.09084679690511326,147.217,103.45
SOUTHEAST,MS,HARD SELTZER,4241.9,2810,1569,10,20,5,2.703569152326322,33.44628425748884,3240994.84,0.1308826520686469,212.09499999999997,140.5
SOUTHEAST,LA,HARD SELTZER,1335.06,841,564,10,11,1,2.367127659574468,30.683315602836878,3240994.84,0.04119290729879718,121.3690909090909,76.45454545454545
SOUTHEAST,SC,HARD SELTZER,3624.2999999999997,2391,1182,10,13,1,3.0662436548223346,32.83824027072757,3240994.84,0.11182677476894717,278.79230769230765,183.92307692307693
SOUTHEAST,NC,HARD SELTZER,6952.51,4560,2672,10,39,7,2.601987275449102,26.689161676646712,3240994.84,0.21451777442508982,178.2694871794872,116.92307692307692
SOUTHEAST,MS,BEER,198032.14999999997,197098,14344,29,20,5,13.805922336865587,71.25427704963748,3240994.84,6.110227253555268,9901.607499999998,9854.9
SOUTHEAST,DE,HARD SELTZER,2132.7700000000004,1423,881,10,16,5,2.420851305334847,32.148933030646994,3240994.84,0.06580602886735853,133.29812500000003,88.9375
SOUTHEAST,KY,HARD SELTZER,3429.840000000001,2251,1218,10,14,1,2.8159605911330057,31.687635467980297,3240994.84,0.10582676521632478,244.9885714285715,160.78571428571428
SOUTHEAST,FL,BEER,537939.7500000001,525825,37341,29,51,9,14.406142042259182,64.09607053908567,3240994.84,16.597982303483093,10547.83823529412,10310.29411764706
SOUTHEAST,AL,BEER,79071.69000000002,75535,6394,29,12,1,12.366545198623712,54.593497028464206,3240994.84,2.4397351400905043,6589.307500000002,6294.583333333333
SOUTHEAST,AR,HARD SELTZER,2349.7300000000005,1507,921,10,16,4,2.55128121606949,32.13043431053203,3240994.84,0.07250026970113907,146.85812500000003,94.1875
SOUTHEAST,VA,BEER,149459.02999999994,157922,11534,29,20,2,12.958126408878094,77.49739899427779,3240994.84,4.6115170612243235,7472.951499999997,7896.1
SOUTHEAST,MD,HARD SELTZER,5838.730000000001,4097,2218,10,30,5,2.632430117222724,36.24719567177639,3240994.84,0.18015240036605554,194.62433333333337,136.56666666666666
SOUTHEAST,WV,HARD SELTZER,2323.8999999999996,1573,817,10,8,4,2.844430844553243,34.767637698898405,3240994.84,0.07170329219036954,290.48749999999995,196.625
SOUTHEAST,MD,BEER,299462.62999999983,315630,20589,29,30,5,14.544787507892556,75.1304584972558,3240994.84,9.239836679283323,9982.08766666666,10521.0
SOUTHEAST,SC,BEER,206277.22000000006,202864,12151,29,13,1,16.976151757057035,67.19619784379886,3240994.84,6.36462660952586,15867.478461538467,15604.923076923076
SOUTHWEST,TX,HARD SELTZER,12303.649999999998,7975,4304,10,58,14,2.8586547397769513,34.494093866171,801816.1399999999,1.5344727283738637,212.1318965517241,137.5
SOUTHWEST,TX,BEER,645603.9599999998,627325,44604,29,58,14,14.47412698412698,71.43333848982152,801816.1399999999,80.51770571742294,11131.102758620687,10815.948275862069
SOUTHWEST,OK,BEER,141122.68000000002,143053,10806,29,18,2,13.059659448454564,70.42671941513971,801816.1399999999,17.600379059468676,7840.14888888889,7947.388888888889
SOUTHWEST,OK,HARD SELTZER,2785.85,1870,1061,10,18,2,2.625683317624882,34.08212064090481,801816.1399999999,0.3474424947345161,154.76944444444445,103.88888888888889
WEST,OR,HARD SELTZER,2443.55,1349,716,10,10,1,3.412779329608939,30.244175977653633,1798823.7899999996,0.135841543434335,244.35500000000002,134.9
WEST,NV,HARD SELTZER,10025.05,5460,1908,10,14,1,5.254219077568134,28.32174004192872,1798823.7899999996,0.5573113973548238,716.0749999999999,390.0
WEST,CO,HARD SELTZER,2611.640000000001,1416,815,10,14,1,3.2044662576687126,30.113533742331295,1798823.7899999996,0.14518598289163173,186.54571428571435,101.14285714285714
WEST,NM,HARD SELTZER,1555.8099999999997,835,505,10,8,1,3.080811881188118,28.719881188118812,1798823.7899999996,0.08649040604471882,194.47624999999996,104.375
WEST,WY,BEER,95328.99,76586,8140,29,14,5,11.711178132678134,56.828406633906624,1798823.7899999996,5.29951797001751,6809.213571428571,5470.428571428572
WEST,AK,HARD SELTZER,6882.499999999998,3999,1589,10,13,1,4.331340465701698,30.588584015103844,1798823.7899999996,0.3826111283529333,529.4230769230768,307.61538461538464
WEST,NV,BEER,217956.86999999988,177134,13899,29,14,1,15.681478523634786,59.48763724008922,1798823.7899999996,12.116632613581341,15568.347857142848,12652.42857142857
WEST,WA,BEER,202007.70999999988,172564,16675,29,23,2,12.114405397301342,68.51186326836584,1798823.7899999996,11.22998879173151,8782.943913043473,7502.782608695652
WEST,ID,HARD SELTZER,2286.28,1198,704,10,11,1,3.2475568181818186,25.03738636363636,1798823.7899999996,0.12709860814104537,207.8436363636364,108.9090909090909
WEST,AK,BEER,163577.12000000002,140947,11612,29,13,1,14.086903203582503,63.32537805718223,1798823.7899999996,9.093559964536608,12582.855384615386,10842.076923076924
WEST,WY,HARD SELTZER,4313.010000000001,2281,1084,10,14,5,3.97879151291513,27.298274907749075,1798823.7899999996,0.23976834329059002,308.0721428571429,162.92857142857142
WEST,MT,BEER,117023.27999999997,99593,10519,29,19,5,11.1249434356878,66.11521912729347,1798823.7899999996,6.5055443813093,6159.119999999998,5241.736842105263
WEST,HI,BEER,79687.40999999997,72295,6868,29,11,1,11.602709668025623,78.47152300524169,1798823.7899999996,4.429973099255041,7244.309999999998,6572.272727272727
WEST,CA,BEER,361695.2799999996,310901,28589,29,42,8,12.651554094232035,70.16462870334747,1798823.7899999996,20.10732135135925,8611.792380952373,7402.4047619047615
WEST,WA,HARD SELTZER,9263.71,5337,2316,10,23,2,3.999874784110535,33.15052677029362,1798823.7899999996,0.5149870738589688,402.77,232.04347826086956
WEST,HI,HARD SELTZER,3687.0699999999997,2202,988,10,11,1,3.7318522267206475,37.34774291497975,1798823.7899999996,0.20497116062713405,335.1881818181818,200.1818181818182
WEST,CO,BEER,56167.74999999999,45952,6373,29,14,1,8.81339243684293,62.48415032166955,1798823.7899999996,3.1224709341875005,4011.982142857142,3282.285714285714
WEST,AZ,HARD SELTZER,9284.600000000002,5307,2360,10,27,2,3.9341525423728823,33.20840254237287,1798823.7899999996,0.5161483882754299,343.87407407407414,196.55555555555554
WEST,UT,BEER,98928.31999999999,81234,6384,29,7,1,15.496290726817042,63.57838502506268,1798823.7899999996,5.499611498911743,14132.617142857142,11604.857142857143
WEST,CA,HARD SELTZER,16521.050000000003,9449,3949,10,42,8,4.183603443909852,33.2413015953406,1798823.7899999996,0.9184362632873566,393.3583333333334,224.97619047619048
WEST,OR,BEER,52575.21,43269,5328,29,10,1,9.867719594594595,61.81723536036039,1798823.7899999996,2.922754874172529,5257.521,4326.9
WEST,MT,HARD SELTZER,5300.799999999997,3008,1425,10,19,5,3.7198596491228053,31.86030877192982,1798823.7899999996,0.294681448481399,278.9894736842104,158.31578947368422
WEST,AZ,BEER,195069.76,167077,16714,29,27,2,11.67103984683499,68.3856413784851,1798823.7899999996,10.84429509351775,7224.805925925926,6188.037037037037
WEST,UT,HARD SELTZER,3822.7200000000003,2135,844,10,7,1,4.529289099526067,29.89090047393365,1798823.7899999996,0.21251219943005098,546.1028571428571,305.0
WEST,ID,BEER,48508.51999999999,38556,5330,29,11,1,9.101035647279549,52.35599812382738,1798823.7899999996,2.696679923273641,4409.865454545454,3505.090909090909
WEST,NM,BEER,32299.78,26254,3553,29,8,1,9.090847171404446,61.88817337461299,1798823.7899999996,1.795605560675846,4037.4725,3281.75
